Name,Location,Price(in $),Latitude,Longitude,Distance(meter),Total,Arson,Assault,Burglary,Homicide,Motor Vehicle Theft,Robbery,Sex Crimes,Theft/Larceny,Vehicle Break-In/Theft
1000 Grand by Windsor,"1000 S Grand Ave, Los Angeles, CA 90015",3095.0,34.042842,-118.260636,3201.37442711609,263,1,32,5,0,56,19,1,83,66
1029 S. Union Ave.,"1029 S Union Ave, Los Angeles, CA 90015",1495.0,34.048766,-118.274573,3088.0725355123504,72,1,19,5,1,12,8,0,12,14
1050 S Grand Ave Unit 705,"1050 S Grand Ave Unit 705, Los Angeles, CA 90015",2950.0,34.0422099,-118.2612299,3112.955575033835,240,1,32,4,0,55,13,1,70,64
1111 Wilshire,"1111 Wilshire Blvd, Los Angeles, CA 90017",3813.0,34.0524916,-118.2634765,3894.343071442732,160,1,30,9,1,17,17,1,57,27
1118 W 37th Dr,"1118 W 37th Dr, Los Angeles, CA 90007",3300.0,34.0189409,-118.2925062,783.4851990072362,47,0,6,3,0,13,2,0,17,6
1133 Hope Street,"1133 S Hope St, Los Angeles, CA 90015",5800.0,34.0419407,-118.2632139,2964.5675804785046,224,1,29,3,0,53,13,1,67,57
1167 S Hoover St,"1167 S Hoover St, Los Angeles, CA 90006",1545.0,34.0497036,-118.2842662,3036.993804905432,70,0,16,11,0,12,10,0,8,13
1207 S Serrano Ave,"1207 S Serrano Ave, Los Angeles, CA 90006",2800.0,34.0488686,-118.3064099,3538.091530589528,58,1,7,17,0,13,2,0,9,9
1222 W 39th St,"1222 W 39th St, Los Angeles, CA 90037",1825.0,34.0154235,-118.2980162,1420.8696248124988,37,0,8,7,0,9,2,1,4,6
1333 W. 36th Pl.,"1333 W 36th Pl, Los Angeles, CA 90007",2447.0,34.021949,-118.2984117,1227.8401457116788,44,0,5,7,0,12,2,0,10,8
1358 W. 36th St.,"1358 W 36th St, Los Angeles, CA 90007",2495.0,34.0226893,-118.2989808,1279.6630716279465,41,0,5,8,0,11,1,0,8,8
1400 Fig,"1400 S Figueroa St, Los Angeles, CA 90015",2925.0,34.039236,-118.2688197,2399.0473864063324,127,1,20,4,0,35,8,1,21,37
1411 S Bonnie Brae St,"1411 S Bonnie Brae St, Los Angeles, CA 90006",3100.0,34.0442541,-118.2811591,2457.049626489376,46,0,11,5,0,11,6,0,4,9
1432-1436 1/2 Constance St,"1432-1436 1/2 Constance St, Los Angeles, CA 90015",2995.0,34.045243,-118.273905,2741.518529157001,41,0,11,4,0,8,6,0,3,9
15 Units + 1 Non-conforming Unit,"420 S Occidental Blvd, Los Angeles, CA 90057",2450.0,34.0663819,-118.2829292,4894.6523543693165,53,1,15,5,0,6,5,1,10,10
1522 S Manhattan Plz,"1522 S Manhattan Plz, Los Angeles, CA 90019",3800.0,34.044967,-118.31007,3404.5695963815406,45,2,5,10,0,8,3,0,9,8
1949 Park Grove Ave.,"1949 Park Grove Ave, Los Angeles, CA 90007",2245.0,34.0353049,-118.2769352,1620.2580181636115,45,1,9,3,0,7,6,0,12,7
212 E 24th St,"212 E 24th St, Los Angeles, CA 90011",4875.0,34.0259447,-118.2663814,1769.5346178208072,52,0,10,7,0,16,2,0,7,10
2221 Western,"2221 S Western Ave, Los Angeles, CA 90018",2974.0,34.0357712,-118.3090758,2663.129160950395,20,0,1,1,0,6,1,1,3,7
255 Grand,"255 S Grand Ave, Los Angeles, CA 90012",3384.0,34.0542129,-118.2502543,4777.303387743325,83,0,19,3,0,13,7,1,18,22
2675 Arlington Ave,"2675 Arlington Ave, Los Angeles, CA 90018",2145.0,34.0307169,-118.3177602,3148.703666501568,25,0,3,0,0,11,1,1,1,8
2783 Francis Ave,"2783-2801 Francis Ave, Los Angeles, CA 90005",3350.0,34.056897,-118.286255,3837.367419744346,21,1,1,8,0,2,1,0,5,3
2801 Sunset Pl Unit FL15-ID702,"2801 Sunset Pl Unit FL15-ID702, Los Angeles, CA 90005",4250.0,34.060803,-118.284208,4271.009632252018,65,0,20,7,2,12,5,1,10,8
3033 Wilshire,"3033 Wilshire Blvd, Los Angeles, CA 90010",4277.0,34.0618976,-118.2875872,4397.907590524317,75,0,22,9,3,12,10,1,10,8
30Sixty,"3060 W Olympic Blvd, Los Angeles, CA 90006",2770.0,34.0527036,-118.3005943,3659.589460085862,59,0,5,21,0,14,3,0,8,8
3420 12th Ave,"3420 12th Ave, Los Angeles, CA 90018",4500.0,34.0252714,-118.3315519,4292.845873877496,34,1,5,6,0,4,1,0,10,7
4040 - 4060 S Hoover St,"4040-4060 S Hoover St, Los Angeles, CA 90037",2810.0,34.009861,-118.287296,1408.8872187269149,30,0,11,2,0,8,3,0,3,3
422 South Lake,"422 S Lake St, Los Angeles, CA 90057",2445.0,34.0616904,-118.2748146,4470.496525944223,73,0,26,9,0,8,12,0,11,7
4mica,"751 Valencia St, Los Angeles, CA 90017",1750.0,34.0516199,-118.2702157,3526.7143636684327,95,1,22,12,1,17,16,0,14,12
4th & Main,"334 S Main St, Los Angeles, CA 90013",2950.0,34.0481785,-118.2463485,4578.993032901008,197,1,61,7,0,23,23,2,45,35
616 Kenmore,"616 S Kenmore Ave, Los Angeles, CA 90005",2445.0,34.0634108,-118.2965377,4680.379969984536,75,0,20,11,2,8,10,0,13,11
700 S. Berendo - fully renovated unit in K...,"700 S Berendo St, Los Angeles, CA 90005",1998.0,34.059637,-118.294043,4221.762087961984,77,0,21,10,2,11,12,1,11,9
717 Olympic,"717 W Olympic Blvd, Los Angeles, CA 90015",5684.0,34.0450765,-118.2636174,3205.7393860810203,242,1,35,7,1,44,17,0,80,57
739 Garland Ave,"739 Garland Ave, Los Angeles, CA 90017",925.0,34.0509145,-118.2669381,3585.223688996341,145,1,29,7,1,23,15,1,47,21
820 S Wilton Pl Unit 301,"820 S Wilton Pl Unit 301, Los Angeles, CA 90005",3875.0,34.05753,-118.3141538,4735.571831754252,44,1,9,7,0,9,2,0,7,9
839 Fedora St Unit FL6-ID775,"839 Fedora St Unit FL6-ID775, Los Angeles, CA 90005",3760.0,34.057017,-118.297692,4020.2963926643447,58,0,14,9,2,9,9,0,6,9
888 at Grand Hope Park,"888 S Hope St, Los Angeles, CA 90017",7009.0,34.0451839,-118.2599555,3433.2141634525738,256,1,32,7,0,45,20,0,92,59
8th Street Apartments,"2933 W 8th St, Los Angeles, CA 90005",1537.0,34.0577973,-118.2899626,3961.4192607550326,73,0,19,7,3,13,12,1,8,10
922 W 23rd St,"922 W 23rd St, Los Angeles, CA 90007",3950.0,34.0336568,-118.2807389,1314.6366592823708,48,0,6,3,0,9,3,0,23,4
936 S Westmoreland Ave,"936 S Westmoreland Ave, Los Angeles, CA 90006",2145.0,34.0545466,-118.288972,3592.2998415987136,70,0,14,12,3,15,8,0,5,13
951 S. Oxford - fully renovated unit in Ko...,"951 S Oxford Ave, Los Angeles, CA 90006",2048.0,34.0538313,-118.3075217,4059.9797347602566,62,0,9,12,0,14,3,0,14,10
970 Fedora,"970 Fedora St, Los Angeles, CA 90006",2634.0,34.0535381,-118.2977909,3654.540351171055,57,0,7,21,1,10,7,0,6,5
ABY - The Abbey,"3550 W 6th St, Los Angeles, CA 90005",2395.0,34.0634884,-118.2997858,4764.983825285543,66,0,17,9,1,11,7,0,8,13
APEX. The One.,"900 S Figueroa St, Los Angeles, CA 90015",5314.0,34.0459089,-118.26267,3332.4655532972406,250,1,36,7,1,45,20,0,80,60
ARW - Arwyn Manor,"3835 W 8th St, LOS ANGELES, CA 90005",1700.0,34.05812,-118.3103356,4602.452564067515,52,0,11,4,0,13,4,0,9,11
AVA Little Tokyo,"236 S Los Angeles St, Los Angeles, CA 90012",3602.0,34.0494533,-118.243844,4847.79394584994,165,1,55,7,0,18,19,2,32,31
Alina,"700 W 9th St, Los Angeles, CA 90015",7404.0,34.0458346,-118.2619823,3365.7356073462583,251,1,37,6,1,45,20,0,81,60
Ambassador Towers,"691 Irolo St, Los Angeles, CA 90005",2810.0,34.0598899,-118.3009982,4418.570831638904,77,0,19,9,1,12,8,0,11,17
Ancelle,"701 S Gramercy Dr, Los Angeles, CA 90005",1837.0,34.059674,-118.312197,4838.594506790134,47,0,13,3,0,10,4,0,8,9
Antares,"1419 S New Hampshire Ave, Los Angeles, CA 90006",3450.0,34.046033,-118.2925163,2715.27661145126,51,0,9,14,0,7,8,0,5,8
Apartment for Rent,"1003 W 21st St, Los Angeles, CA 90007",3500.0,34.0358567,-118.2807495,1549.0947436144456,34,0,7,3,0,8,4,0,8,4
Apartment for Rent,"1027 Wilshire Blvd, Los Angeles, CA 90017",3913.0,34.0522206,-118.2628724,3897.4466001894416,152,0,26,7,1,17,16,1,56,28
Apartment for Rent,"1030 S Norton Ave, Los Angeles, CA 90019",4200.0,34.0530566,-118.3209902,4749.416661456327,45,3,5,10,0,8,7,0,8,4
Apartment for Rent,"1050 Wilshire Blvd, Los Angeles, CA 90017",3153.333333333333,34.0520636,-118.2629422,3879.2167439455575,180,1,32,9,1,25,15,1,65,31
Apartment for Rent,"1073 W Exposition Blvd, Los Angeles, CA 90007",2887.0,34.0187985,-118.3171111,2977.2762618741176,50,0,6,6,0,12,2,0,15,9
Apartment for Rent,"1100 Exposition Blvd, Los Angeles, CA 90007",1118.0,34.018081,-118.29456,995.3797954709293,43,0,5,6,0,12,2,0,10,8
Apartment for Rent,"1100 Wilshire Blvd, Los Angeles, CA 90017",4600.0,34.0522355,-118.2636642,3861.028112236764,171,1,28,9,1,22,17,1,63,29
Apartment for Rent,"1107 3rd Ave, Los Angeles, CA 90019",3000.0,34.0507713,-118.3186539,4417.216279427773,47,4,5,11,0,9,7,0,8,3
Apartment for Rent,"1120 W 6th St, Los Angeles, CA 90017",3090.0,34.0533255,-118.26299,3996.95354613944,112,1,28,8,1,16,14,1,26,17
Apartment for Rent,"1124 W 49th St, Los Angeles, CA 90037",4125.0,33.9986132,-118.2943336,2778.530497860726,42,1,11,3,1,9,7,0,3,7
Apartment for Rent,"1129 4th Ave, Los Angeles, CA 90019",2795.0,34.050602,-118.3198766,4483.611913334075,45,4,5,10,0,8,7,0,8,3
Apartment for Rent,"1133 S Hope St, Los Angeles, CA 90015",3747.5,34.0419407,-118.2632139,2964.5675804785046,229,1,30,3,0,54,13,1,70,57
Apartment for Rent,"1133 S Westmoreland Ave, Los Angeles, CA 90006",1345.0,34.0542479,-118.2890945,3560.400896533562,66,0,13,16,0,12,10,0,5,10
Apartment for Rent,"1142 4th Ave, Los Angeles, CA 90019",3500.0,34.0502851,-118.3198135,4454.864798176286,45,4,5,10,0,8,7,0,8,3
Apartment for Rent,"1155 S Grand Ave, Los Angeles, CA 90015",3150.0,34.0407317,-118.2630957,2875.176312545417,232,1,28,3,0,55,15,1,72,57
Apartment for Rent,"1157 5th Ave, Los Angeles, CA 90019",1745.0,34.0502347,-118.3212203,4545.019252685269,47,4,5,9,0,9,8,0,8,4
Apartment for Rent,"1158 W 37th St, Los Angeles, CA 90007",6814.0,34.020878,-118.2934561,788.4855300252336,56,0,5,6,0,13,2,0,21,9
Apartment for Rent,"1159 5th Ave, Los Angeles, CA 90019",1595.0,34.0501973,-118.3212382,4543.39756562157,45,4,5,10,0,7,8,0,8,3
Apartment for Rent,"1159 W 36th Pl, Los Angeles, CA 90007",3825.0,34.0221658,-118.2933819,763.7088634543564,57,0,5,6,0,12,2,0,23,9
Apartment for Rent,"1164 W 37th Pl, Los Angeles, CA 90007",6300.0,34.0140691,-118.27404,1377.3869924924736,50,0,5,6,0,12,2,0,17,8
Apartment for Rent,"1171 W 37th Plz, Los Angeles, CA 90007",1570.0,34.020033,-118.293243,795.2881239477948,51,0,5,6,0,12,2,0,17,9
Apartment for Rent,"1183 Rolland Curtis Pl, Los Angeles, CA 90037",3497.0,34.016491,-118.297201,1294.42980414104,41,0,8,7,0,11,2,1,5,7
Apartment for Rent,"1184 W 30th St, Los Angeles, CA 90007",1600.0,34.0271513,-118.288667,622.2411414046912,81,0,6,6,0,21,1,0,40,7
Apartment for Rent,"1201 S Hope St, Los Angeles, CA 90015",9085.714285714286,34.040786,-118.264541,2787.275650573348,207,1,28,3,0,49,10,1,63,52
Apartment for Rent,"1219 W 25th St, Los Angeles, CA 90007",4890.0,34.0336624,-118.2870367,1264.9755656242123,53,0,6,6,0,16,4,0,16,5
Apartment for Rent,"1222 Elden Ave, Los Angeles, CA 90006",3650.0,34.0486329,-118.2875904,2925.978227045517,60,0,12,10,0,10,10,0,6,12
Apartment for Rent,"1226 S Westmoreland Ave, Los Angeles, CA 90006",2200.0,34.0485811,-118.2889854,2933.138135293824,56,0,10,10,0,10,10,0,5,11
Apartment for Rent,"1233 W 39th Pl, Los Angeles, CA 90037",1575.0,34.0142077,-118.2983641,1524.5602708013778,39,1,10,6,0,9,2,1,4,6
Apartment for Rent,"1234 Wilshire Blvd, Los Angeles, CA 90017",3687.5,34.05357,-118.26636,3872.275076451697,148,1,31,11,1,19,17,1,51,16
Apartment for Rent,"1251 W 36th Pl, Los Angeles, CA 90007",2750.0,34.0220055,-118.2962302,1026.7042218075146,47,0,5,9,0,12,2,0,11,8
Apartment for Rent,"1256 W 37th St, Los Angeles, CA 90007",3390.0,34.0208844,-118.2962686,1043.0174933805597,44,0,5,5,0,15,2,0,9,8
Apartment for Rent,"1283 3rd Ave, Los Angeles, CA 90019",3300.0,34.0477547,-118.3199603,4274.008986787894,46,4,7,8,0,10,8,0,5,4
Apartment for Rent,"1296 W 37th Pl, Los Angeles, CA 90007",4814.0,34.0198839,-118.2975019,1176.7253883102453,45,0,5,9,0,13,2,1,7,8
Apartment for Rent,"1310 S Wilton Pl, Los Angeles, CA 90019",1550.0,34.0469759,-118.3143787,3840.137291622169,53,3,5,9,0,10,4,0,12,10
Apartment for Rent,"1314 W 22nd St, Los Angeles, CA 90007",1995.0,34.0361774,-118.2875216,1548.144957023534,52,0,8,5,0,15,4,0,15,5
Apartment for Rent,"1314 W 35th Pl, Los Angeles, CA 90007",6040.0,34.0235978,-118.2978662,1184.0453620048631,47,0,5,9,0,11,1,0,11,10
Apartment for Rent,"1323 W 12th Pl, Los Angeles, CA 90015",1695.0,34.0439619,-118.2729905,2644.5298459678543,77,0,19,5,1,17,8,0,12,15
Apartment for Rent,"1324 Toberman St, Los Angeles, CA 90015",2700.0,34.0434598,-118.2761962,2481.318493202454,42,0,14,3,0,6,6,0,3,10
Apartment for Rent,"1325 Hoover S St, Los Angeles, CA 90006",1510.0,34.047027,-118.284309,2739.367326750435,62,0,17,6,0,12,9,0,7,11
Apartment for Rent,"1339 W 36th Pl, Los Angeles, CA 90007",7240.0,34.0219498,-118.2985611,1241.5939969367262,48,0,7,9,0,12,2,0,10,8
Apartment for Rent,"1341 S Union Ave, Los Angeles, CA 90015",1995.0,34.0439879,-118.2773995,2503.148385137545,46,0,13,4,0,8,7,0,3,11
Apartment for Rent,"1343 E 33rd St, Los Angeles, CA 90011",1400.0,34.0131343,-118.2513053,3280.686283078182,35,0,3,1,0,9,3,0,15,4
Apartment for Rent,"1366 W 24th St, Los Angeles, CA 90007",3200.0,34.0342093,-118.2908277,1415.247968775633,53,0,6,5,0,17,3,0,16,6
Apartment for Rent,"1416 W Olympic Blvd, Los Angeles, CA 90015",1445.0,34.0478692,-118.2714734,3097.9232363426186,89,1,20,5,1,17,11,0,18,16
Apartment for Rent,"1421 W 35th St, Los Angeles, CA 90018",1225.0,34.0246898,-118.3009544,1483.147452908311,41,0,5,9,0,10,4,0,5,8
Apartment for Rent,"1422 W 29th St, Los Angeles, CA 90007",3900.0,34.0285918,-118.2922956,955.9096768579842,66,0,7,4,0,17,1,0,29,8
Apartment for Rent,"1426 W 27th St, Los Angeles, CA 90007",4500.0,34.0304022,-118.2933182,1168.478235467025,60,0,7,5,0,17,1,0,21,9
Apartment for Rent,"1426 W 38th St, Los Angeles, CA 90062",2970.0,34.0174084,-118.3028826,1730.3368441406485,34,1,9,4,0,8,3,1,4,4
Apartment for Rent,"1431 W 36th St, Los Angeles, CA 90018",2150.0,34.0228684,-118.301645,1525.679807786942,44,0,6,9,0,12,5,1,5,6
Apartment for Rent,"147 E 36th St, Los Angeles, CA 90011",1225.0,34.0167891,-118.2727543,1297.6504816826516,35,0,2,3,0,13,4,0,4,9
Apartment for Rent,"1477 W 36th St, Los Angeles, CA 90018",1070.0,34.0228783,-118.3036122,1706.9167487952311,38,0,7,9,0,11,5,1,2,3
Apartment for Rent,"1479 W 36th St, Los Angeles, CA 90018",1190.0,34.0228787,-118.3036977,1714.7940132548797,41,0,7,9,0,11,5,1,4,4
Apartment for Rent,"1510 S Van Ness Ave, Los Angeles, CA 90019",3195.0,34.045078,-118.3155924,3775.438980479634,51,3,6,7,0,11,4,0,11,9
Apartment for Rent,"1515 Wilshire Blvd, Los Angeles, CA 90017",3013.333333333333,34.0548093,-118.2686684,3908.883881559762,112,1,37,11,1,18,15,1,16,12
Apartment for Rent,"1570 W 36th St, Los Angeles, CA 90018",1100.0,34.0227206,-118.3052836,1860.4678322456311,42,0,9,8,0,10,5,1,7,2
Apartment for Rent,"1580 W 30th St, Los Angeles, CA 90007",4804.0,34.0272284,-118.2997744,1455.037723679089,41,0,5,6,0,12,1,0,8,9
Apartment for Rent,"1640 W Vernon Ave, Los Angeles, CA 90062",2950.0,34.0036324,-118.3082795,2986.5522227675856,41,0,10,1,0,10,4,1,4,11
Apartment for Rent,"1659 W 36th Pl, Los Angeles, CA 90018",4500.0,34.0219676,-118.3076874,2082.225566344797,40,0,9,8,0,9,6,1,6,1
Apartment for Rent,"1711 S New Hampshire Ave, Los Angeles, CA 90006",2450.0,34.0426374,-118.2924955,2351.225960500158,42,0,9,8,0,10,7,0,3,5
Apartment for Rent,"1720 Miramar St, Los Angeles, CA 90026",3950.0,34.061877,-118.268253,4656.016268754081,84,0,21,9,0,14,12,2,16,10
Apartment for Rent,"1740 S New England St, Los Angeles, CA 90006",1730.0,34.0425212,-118.2875974,2249.179907841936,47,0,10,7,0,9,9,0,5,7
Apartment for Rent,"17550 W 45th St, Los Angeles, CA 90062",2500.0,34.0028146,-118.3068608,2960.692367300642,41,0,8,1,1,10,4,1,5,11
Apartment for Rent,"1765 W 38th St, Los Angeles, CA 90062",1545.0,34.017437,-118.3124333,2578.862295433999,24,0,7,0,0,3,5,1,3,5
Apartment for Rent,"1815 W 12th St, Los Angeles, CA 90006",1180.0,34.0477346,-118.2791872,2869.2838983392508,70,0,17,4,0,17,9,0,8,15
Apartment for Rent,"1817 W 12th St, Los Angeles, CA 90006",2081.0,34.0477388,-118.2791966,2869.578093301372,70,0,15,3,0,19,10,0,8,15
Apartment for Rent,"1830 W Jefferson Blvd, Los Angeles, CA 90018",1300.0,34.0254698,-118.3098667,2307.852311450487,27,0,4,5,0,8,6,0,3,1
Apartment for Rent,"1935 W 23rd St, Los Angeles, CA 90018",2595.0,34.0355214,-118.304608,2315.2970867441163,22,0,4,0,0,6,1,0,6,5
Apartment for Rent,"2121 James M Wood Blvd, Los Angeles, CA 90006",2200.0,34.0537955,-118.2794935,3529.0367653533885,90,0,27,6,1,18,12,0,15,11
Apartment for Rent,"215 W 5th St, Los Angeles, CA 90013",2700.0,34.0475574,-118.249726,4295.381776513855,231,1,62,11,0,27,25,2,57,46
Apartment for Rent,"2209 Crenshaw Blvd, Los Angeles, CA 90016",1399.0,34.0375624,-118.332442,4677.117564850943,22,0,5,3,0,8,0,0,3,3
Apartment for Rent,"221 Lucas Ave, Los Angeles, CA 90026",3150.0,34.0603391,-118.2604518,4791.105898860684,52,0,15,5,0,14,2,3,4,9
Apartment for Rent,"222 S Main St, Los Angeles, CA 90012",3140.0,34.0500292,-118.2444028,4847.838833171079,154,1,51,7,0,16,17,1,30,31
Apartment for Rent,"2231 Ellendale Pl, Los Angeles, CA 90007",2800.0,34.0353563,-118.2891811,1488.9545443764207,53,0,6,4,0,16,4,0,17,6
Apartment for Rent,"225 S Grand Ave, Los Angeles, CA 90012",3759.555555555556,34.0541727,-118.2513144,4708.85357461232,85,0,23,1,0,13,7,1,18,22
Apartment for Rent,"225 S Olive St, Los Angeles, CA 90012",3077.25,34.0532819,-118.2498532,4726.494651112169,112,0,34,5,0,16,11,1,22,23
Apartment for Rent,"2288 W 27th St, Los Angeles, CA 90018",2150.0,34.0307498,-118.3172871,3108.144283965308,25,0,3,0,0,11,1,1,1,8
Apartment for Rent,"2331 Portland St, Los Angeles, CA 90007",1925.0,34.0330235,-118.2816283,1223.8374852237823,50,0,5,4,0,12,3,0,21,5
Apartment for Rent,"235 E 28th St, Los Angeles, CA 90011",3500.0,34.0226851,-118.2681679,1560.789414467405,43,0,7,3,0,11,3,0,8,11
Apartment for Rent,"236 S Los Angeles St, Los Angeles, CA 90012",3382.1666666666665,34.0494533,-118.243844,4847.79394584994,169,1,57,7,0,18,19,2,32,33
Apartment for Rent,"236 W 39th St, Los Angeles, CA 90037",1850.0,34.0122097,-118.277305,1341.672365171574,70,0,4,2,0,10,1,0,45,8
Apartment for Rent,"238 E Vernon Ave, Los Angeles, CA 90011",2350.0,34.0037633,-118.2712247,2435.1642473376924,67,0,9,2,0,12,4,1,34,5
Apartment for Rent,"2404 5th Ave, Los Angeles, CA 90018",4000.0,34.0349676,-118.3223329,3704.813774702832,27,0,4,3,0,7,0,1,2,10
Apartment for Rent,"253 S Broadway, Los Angeles, CA 90012",3981.0,34.0513222,-118.2479951,4693.865909479837,160,0,49,7,0,21,18,1,37,27
Apartment for Rent,"255 S Grand Ave, Los Angeles, CA 90012",2818.0,34.0542129,-118.2502543,4777.303387743325,84,0,19,3,0,13,7,1,18,23
Apartment for Rent,"257 S Spring St, Los Angeles, CA 90012",3200.0,34.0509469,-118.2464361,4771.656346514515,165,1,53,7,0,18,19,1,38,28
Apartment for Rent,"2631 W 48th St, Los Angeles, CA 90043",1350.0,34.0001204,-118.3217931,4192.371782221894,24,0,5,3,0,9,2,0,1,4
Apartment for Rent,"2632 Halldale Ave, Los Angeles, CA 90018",1395.0,34.0320778,-118.3026901,1945.6984225514832,28,0,2,2,0,9,0,0,8,7
Apartment for Rent,"2637 S Catalina St, Los Angeles, CA 90007",1600.0,34.031454,-118.294345,1318.8744681395656,46,0,6,3,0,13,1,0,17,6
Apartment for Rent,"2663 5th Ave, Los Angeles, CA 90018",2900.0,34.0308242,-118.322515,3572.988755966732,25,0,2,0,0,9,0,0,2,12
Apartment for Rent,"2684 Orchard Ave, Los Angeles, CA 90007",9450.0,34.0305675,-118.2872583,929.7099259345872,71,0,7,6,0,19,2,0,32,5
Apartment for Rent,"2725 Obama Blvd, Los Angeles, CA 90018",2200.0,34.0193011,-118.3255277,3741.803275181823,17,1,2,3,0,9,0,0,0,2
Apartment for Rent,"2769 James M Wood Blvd, Los Angeles, CA 90006",2950.0,34.0559905,-118.2880176,3744.755381975563,77,0,18,8,3,17,9,1,8,13
Apartment for Rent,"2801 Sunset Pl, Los Angeles, CA 90005",4200.0,34.060884,-118.284357,4279.773136088023,67,0,20,7,2,12,7,1,10,8
Apartment for Rent,"2811 Menlo Ave, Los Angeles, CA 90007",10325.0,34.0292157,-118.290417,902.4779033155784,70,0,6,6,0,20,1,0,29,8
Apartment for Rent,"2914 S Normandie Ave, Los Angeles, CA 90007",2000.0,34.028778,-118.3001297,1556.099648447661,30,0,1,4,0,9,0,0,8,8
Apartment for Rent,"2928 S Halldale Ave, Los Angeles, CA 90018",2450.0,33.9784394,-118.3024169,5142.254298036938,35,0,4,6,0,9,2,0,7,7
Apartment for Rent,"2937 S Norton Ave, Los Angeles, CA 90018",2990.0,34.0287608,-118.332823,4454.518677274146,24,0,6,1,0,6,0,0,1,10
Apartment for Rent,"2953 Francis Ave, Los Angeles, CA 90005",3500.0,34.0568862,-118.2904199,3865.89345058374,75,0,19,11,3,11,12,1,7,11
Apartment for Rent,"300 E 9th St, Los Angeles, CA 90015",2400.0,34.039902,-118.253313,3516.768689674917,194,2,39,7,0,41,19,0,46,40
Apartment for Rent,"3000 Normandie Ave, Los Angeles, CA 90007",6503.0,34.0524999,-118.30001,3617.959463497197,43,0,5,8,0,12,1,0,8,9
Apartment for Rent,"3014 9th Ave, Los Angeles, CA 90018",3199.0,34.0274638,-118.327051,3906.896072130269,26,1,6,1,0,10,0,0,1,7
Apartment for Rent,"3033 Van Buren Pl, Los Angeles, CA 90007",2200.0,34.0269392,-118.2970816,1214.090808626294,42,0,4,7,0,9,1,0,11,10
Apartment for Rent,"3100 S Normandie Ave, Los Angeles, CA 90007",9751.0,34.0265325,-118.300116,1458.1449559159687,43,0,5,8,0,13,1,0,8,8
Apartment for Rent,"3105 S Normandie Ave, Los Angeles, CA 90007",7490.0,34.0266661,-118.3003146,1480.218935055474,42,0,6,8,0,11,2,0,7,8
Apartment for Rent,"324 W 51st St, Los Angeles, CA 90037",2800.0,33.9964088,-118.2788166,2947.5507201005576,36,0,13,2,0,10,5,0,2,4
Apartment for Rent,"3339 W 8th St, Los Angeles, CA 90005",1595.0,34.0577814,-118.3011342,4202.490476795973,68,0,15,10,1,12,7,0,8,15
Apartment for Rent,"334 S Main St, Los Angeles, CA 90013",3093.0,34.0481785,-118.2463485,4578.993032901008,208,1,65,8,0,24,25,2,48,35
Apartment for Rent,"338 S Benton Way, Los Angeles, CA 90057",2395.0,34.0660734,-118.2799532,4879.358628495828,52,1,13,5,0,7,4,1,11,10
Apartment for Rent,"343 E 53rd St, Los Angeles, CA 90011",2450.0,33.9943387,-118.2689304,3457.966785758943,26,0,7,0,0,9,2,0,1,7
Apartment for Rent,"3480 San Marino St, Los Angeles, CA 90006",2672.0,34.0543591,-118.3086241,4162.586818650057,65,1,9,13,0,15,3,0,13,11
Apartment for Rent,"3511 W 6th St, Los Angeles, CA 90020",5795.0,34.0636618,-118.2982779,4746.0441374366455,73,0,18,11,1,11,8,0,10,14
Apartment for Rent,"3520 W 39th St, Los Angeles, CA 90008",2666.0,34.0145252,-118.3341108,4601.156070279834,38,0,6,5,0,6,4,0,12,5
Apartment for Rent,"3540 Wilshire Blvd, Los Angeles, CA 90010",2920.0,34.0616526,-118.3017829,4627.455291116516,74,0,18,9,1,11,8,0,11,16
Apartment for Rent,"3616 W Adams Blvd, Los Angeles, CA 90018",2300.0,34.0325356,-118.3243381,3787.550599329392,31,0,4,0,0,10,0,0,2,15
Apartment for Rent,"3711 Halldale Ave, Los Angeles, CA 90018",4700.0,34.02058,-118.3030089,1662.8707315646288,43,0,9,9,0,12,4,1,5,3
Apartment for Rent,"3881 S Gramercy Pl, Los Angeles, CA 90062",1700.0,34.015105,-118.3133501,2727.087428917864,26,0,8,0,0,6,2,1,4,5
Apartment for Rent,"400 S Broadway, Los Angeles, CA 90013",2897.5,34.0491544,-118.2489804,4464.05153292986,192,1,58,8,0,23,23,1,43,35
Apartment for Rent,"4005 W 28th St, Los Angeles, CA 90018",3000.0,34.0315412,-118.3293648,4203.976183902486,24,0,5,1,0,8,0,0,2,8
Apartment for Rent,"4011 W 21st St, Los Angeles, CA 90018",2400.0,34.0375592,-118.3282179,4316.170203528672,26,0,5,3,0,9,0,0,1,8
Apartment for Rent,"4012 S Normandie Ave, Los Angeles, CA 90037",2500.0,34.0105675,-118.3000742,1906.790244897912,32,1,9,2,0,9,1,1,5,4
Apartment for Rent,"4058 9th Ave, Los Angeles, CA 90008",2666.0,34.010222,-118.3272395,4113.167979351624,13,0,5,2,0,1,2,0,0,3
Apartment for Rent,"4077 8th Ave, Los Angeles, CA 90008",2700.0,34.0098684,-118.3262867,4043.7377366471655,13,0,5,2,0,1,2,0,0,3
Apartment for Rent,"417 S Hill St, Los Angeles, CA 90013",3180.0,34.0497926,-118.2509534,4379.248404408311,197,0,45,9,0,23,24,1,53,42
Apartment for Rent,"4171 Dalton Ave, Los Angeles, CA 90062",1945.0,34.0078788,-118.3035384,2344.203219518567,40,1,12,0,0,9,3,1,5,9
Apartment for Rent,"4172 S Hobart Blvd, Los Angeles, CA 90062",2350.0,34.007855,-118.3076932,2636.6750089766256,42,1,11,0,0,11,4,1,6,8
Apartment for Rent,"420 San Pedro St, Los Angeles, CA 90013",3450.0,34.0451303,-118.2431733,4616.773461921191,208,1,68,13,1,22,22,2,39,40
Apartment for Rent,"4234 8th Ave, Los Angeles, CA 90008",1965.0,34.0062939,-118.3258908,4164.419580743007,11,0,3,1,0,1,2,0,2,2
Apartment for Rent,"424 W Pico Blvd, Los Angeles, CA 90015",3250.0,34.0392488,-118.2654307,2606.789194693208,163,2,21,6,0,47,9,1,28,49
Apartment for Rent,"426 E 30th St, Los Angeles, CA 90011",2000.0,34.0200782,-118.2670766,1681.0110456472123,38,0,7,2,0,9,5,0,4,11
Apartment for Rent,"4301 8th Ave, Los Angeles, CA 90008",2400.0,34.0051608,-118.3258903,4220.118510667943,13,0,4,1,0,1,2,0,3,2
Apartment for Rent,"4308 S Normandie Ave, Los Angeles, CA 90037",3950.0,34.0052628,-118.3000791,2353.148427444006,31,1,9,1,1,7,2,0,2,8
Apartment for Rent,"433 Lake S St, Los Angeles, CA 90057",1725.0,34.061594,-118.274751,4461.270497687678,76,0,27,9,0,9,11,0,13,7
Apartment for Rent,"4335 Walton Ave, Los Angeles, CA 90037",3400.0,34.00483,-118.2949073,2152.679473645631,38,0,10,3,1,7,3,0,5,9
Apartment for Rent,"4412 8th Ave, Los Angeles, CA 90043",3300.0,34.0033817,-118.325642,4293.681537671304,13,0,3,1,0,2,3,0,2,2
Apartment for Rent,"444 S Occidental Blvd, Los Angeles, CA 90057",1725.0,34.0661419,-118.283082,4867.429880695282,64,1,18,6,0,9,5,1,11,13
Apartment for Rent,"449 E 49th St, Los Angeles, CA 90011",2665.0,33.9988788,-118.2684534,3032.2945356559794,39,0,9,2,0,14,3,1,2,8
Apartment for Rent,"460 S Spring St, Los Angeles, CA 90013",2225.0,34.0474227,-118.2489472,4340.477179892094,217,1,67,9,0,28,26,2,48,36
Apartment for Rent,"4617 7th Ave, Los Angeles, CA 90043",2800.0,34.001598,-118.3247625,4326.074389647536,12,0,4,1,0,3,1,0,2,1
Apartment for Rent,"4626 Wall St, Los Angeles, CA 90011",2495.0,34.0017192,-118.2716772,2611.2888073040813,71,0,12,2,0,14,4,1,33,5
Apartment for Rent,"4726 4th Ave, Los Angeles, CA 90043",1500.0,34.0006984,-118.3212996,4117.763443035553,24,0,5,3,0,9,2,0,1,4
Apartment for Rent,"496 E 41st St, Los Angeles, CA 90011",3295.0,34.0090968,-118.2672826,2210.1941830912547,58,0,8,1,0,9,4,0,35,1
Apartment for Rent,"553 S Coronado St, Los Angeles, CA 90057",2300.0,34.0627445,-118.2799989,4510.657824145206,70,0,25,4,1,6,10,1,11,12
Apartment for Rent,"5730 S Van Ness Ave, Los Angeles, CA 90062",1750.0,33.9901506,-118.3170286,4639.0832589179045,59,0,25,4,0,14,9,1,5,1
Apartment for Rent,"5902 S Wilton Pl, Los Angeles, CA 90047",2700.0,33.9871622,-118.3147403,4776.806490825077,61,0,31,5,0,10,8,1,4,2
Apartment for Rent,"600 W 9th St, Los Angeles, CA 90015",4000.0,34.0450964,-118.2607358,3377.829029667753,264,1,36,6,0,47,21,0,92,61
Apartment for Rent,"6049 S Normandie Ave, Los Angeles, CA 90044",3200.0,33.984587,-118.3001455,4427.447699439604,35,0,7,9,0,6,4,0,2,7
Apartment for Rent,"609 S Grand Ave, Los Angeles, CA 90017",3360.0,34.0486576,-118.255643,3986.529325926972,255,0,48,7,0,37,24,1,91,47
Apartment for Rent,"612 Flower St, Los Angeles, CA 90017",3266.6666666666665,34.0495546,-118.2575106,3947.164747688402,230,0,39,9,0,36,20,2,80,44
Apartment for Rent,"618 W 54th St, Los Angeles, CA 90037",2295.0,33.9931941,-118.2844587,3248.085855175244,48,0,17,2,0,17,6,0,4,2
Apartment for Rent,"621 S Broadway, Los Angeles, CA 90014",2995.0,34.0463479,-118.2524365,4018.731510665547,257,1,67,10,0,35,24,1,69,50
Apartment for Rent,"625 S Berendo St, Los Angeles, CA 90005",3700.0,34.062689,-118.2942312,4558.249675344639,76,0,21,12,2,9,11,0,10,11
Apartment for Rent,"630 S Kenmore Ave, Los Angeles, CA 90005",1899.0,34.0628179,-118.2967337,4620.326435457036,69,0,18,10,2,10,9,0,10,10
Apartment for Rent,"639 S Spring St, Los Angeles, CA 90014",3800.0,34.045063,-118.2519176,3962.3178333904207,280,1,76,12,0,39,26,2,72,52
Apartment for Rent,"685 S New Hampshire Ave, Los Angeles, CA 90005",3410.0,34.060144,-118.292989,4259.4234932731615,81,0,22,11,2,11,11,1,11,12
Apartment for Rent,"687 Shatto Pl, Los Angeles, CA 90005",1525.0,34.0601148,-118.2903966,4221.99535349598,76,0,22,12,2,12,10,1,9,8
Apartment for Rent,"700 W 9th St, Los Angeles, CA 90015",3470.0,34.0458346,-118.2619823,3365.7356073462583,255,1,38,5,1,45,20,0,85,60
Apartment for Rent,"702 W 42nd St, Los Angeles, CA 90037",2415.0,34.0069589,-118.2857066,1717.8820307554513,44,0,11,2,0,4,6,0,13,8
Apartment for Rent,"709 W 48th St, Los Angeles, CA 90037",3465.0,33.9997253,-118.2861933,2523.3246508379284,37,0,13,2,0,10,6,0,4,2
Apartment for Rent,"722 S Manhattan Plz, Los Angeles, CA 90005",1850.0,34.059305,-118.310074,4704.7913465791735,54,0,13,3,0,13,5,0,8,12
Apartment for Rent,"727 S Coronado St, Los Angeles, CA 90057",1595.0,34.0584218,-118.2825225,4012.476027523114,83,0,28,6,2,12,12,1,11,11
Apartment for Rent,"734 Catalina S St, Los Angeles, CA 90005",2025.0,34.0590149,-118.2952949,4178.352562830702,71,0,19,12,2,12,9,0,6,11
Apartment for Rent,"737 S Kingsley Dr, Los Angeles, CA 90005",2714.0,34.0589323,-118.3031744,4390.333983002833,63,0,16,4,0,12,4,0,11,16
Apartment for Rent,"744 Beacon Ave, Los Angeles, CA 90017",1475.0,34.0536674,-118.2726903,3659.986786314693,105,1,37,10,1,12,17,0,16,11
Apartment for Rent,"746 S Los Angeles St, Los Angeles, CA 90014",2532.5,34.0422685,-118.2515526,3799.67669377531,241,2,71,11,0,34,26,2,57,38
Apartment for Rent,"748 Hartford Ave, Los Angeles, CA 90017",2875.0,34.0509332,-118.2679667,3543.835046904666,142,1,27,10,1,23,16,1,48,15
Apartment for Rent,"801 S Grand Ave, Los Angeles, CA 90017",4200.0,34.0457316,-118.2583612,3577.9307310680115,268,1,43,8,0,44,22,1,94,55
Apartment for Rent,"807 S Flower St, Los Angeles, CA 90017",700.0,34.047169,-118.2603072,3578.3882938358383,241,0,38,9,1,39,20,1,84,49
Apartment for Rent,"807 W 30th St, Los Angeles, CA 90007",1495.0,34.0265519,-118.2811774,586.3629127427369,70,0,6,6,0,16,1,0,36,5
Apartment for Rent,"810 S Spring St, Los Angeles, CA 90014",3610.0,34.0428604,-118.2534902,3696.022276014569,263,2,65,9,0,42,26,2,63,54
Apartment for Rent,"815 S Harvard Blvd, Los Angeles, CA 90005",3500.0,34.0573343,-118.3042591,4266.84013920233,65,0,14,5,0,14,4,0,11,17
Apartment for Rent,"815 S Lake St, Los Angeles, CA 90057",1395.0,34.054964,-118.2793011,3660.163309484155,100,0,33,7,1,19,11,0,15,14
Apartment for Rent,"821 W 43rd Pl, Los Angeles, CA 90037",2300.0,34.0046899,-118.2878067,1985.012808597037,45,0,12,3,0,5,6,0,11,8
Apartment for Rent,"825 S Hill St, Los Angeles, CA 90014",10400.0,34.0442502,-118.256901,3557.4289715694736,306,1,52,9,0,50,26,1,100,67
Apartment for Rent,"832 S Oxford Ave, Los Angeles, CA 90005",1875.0,34.057031,-118.307719,4378.6167098808455,66,0,13,8,0,15,5,0,12,13
Apartment for Rent,"833 S Berendo St, Los Angeles, CA 90005",2320.0,34.0571043,-118.294233,3949.633605560284,68,0,17,11,2,12,9,0,7,10
Apartment for Rent,"835 S Oxford Ave, Los Angeles, CA 90005",1875.0,34.056998,-118.3079179,4384.149553485736,65,0,13,9,0,15,4,0,12,12
Apartment for Rent,"836 S Park View St, Los Angeles, CA 90057",1750.0,34.0558349,-118.2812027,3735.094247930696,88,0,31,6,1,16,12,0,9,13
Apartment for Rent,"839 Fedora St, Los Angeles, CA 90005",3476.6666666666665,34.0569899,-118.2977161,4018.05326235042,59,0,14,9,2,9,9,0,7,9
Apartment for Rent,"843 Irolo St, Los Angeles, CA 90005",1850.0,34.0569084,-118.3009884,4106.950148119018,64,0,12,9,1,16,6,0,8,12
Apartment for Rent,"848 Irolo St, Los Angeles, CA 90005",3000.0,34.0568139,-118.3007901,4090.6412730212624,64,0,11,10,1,16,6,0,9,11
Apartment for Rent,"851 S Kenmore Ave, Los Angeles, CA 90005",1550.0,34.0568046,-118.2966254,3970.280479445586,66,0,16,9,2,11,12,0,7,9
Apartment for Rent,"858 S Gramercy Pl, Los Angeles, CA 90005",3500.0,34.0567677,-118.3131113,4611.462631031399,52,2,9,8,0,12,2,0,8,11
Apartment for Rent,"887 E 40th Pl, Los Angeles, CA 90011",3200.0,34.0101617,-118.2600848,2677.2315612814427,50,0,6,2,0,11,6,0,17,8
Apartment for Rent,"888 S Olive St, Los Angeles, CA 90014",7283.684210526316,34.0439006,-118.2579187,3462.5658789124745,307,1,48,8,0,52,25,1,102,70
Apartment for Rent,"889 Francisco St, Los Angeles, CA 90017",4500.0,34.0483407,-118.2640555,3475.71406865071,215,1,37,9,1,34,17,1,72,43
Apartment for Rent,"900 S Vermont Ave, Los Angeles, CA 90006",3012.0,34.055819,-118.291523,3762.856839591836,63,0,14,11,2,12,10,0,4,10
Apartment for Rent,"910 W 23rd St, Los Angeles, CA 90007",3575.0,34.0335178,-118.2804264,1309.1191739723529,40,0,6,3,0,10,3,0,14,4
Apartment for Rent,"914 W 41st St, Los Angeles, CA 90037",1895.0,34.0090496,-118.2903174,1560.4397157190344,44,0,10,4,0,4,4,0,13,9
Apartment for Rent,"918 S Harvard Blvd, Los Angeles, CA 90006",2900.0,34.055277,-118.3040544,4051.522934865328,61,0,7,16,0,15,3,0,8,12
Apartment for Rent,"924 S Serrano Ave, Los Angeles, CA 90006",3500.0,34.0550751,-118.3064681,4132.497125140012,66,0,13,11,0,14,4,0,11,13
Apartment for Rent,"958 Magnolia Ave, Los Angeles, CA 90006",2195.0,34.0534964,-118.2864658,3460.051389322873,77,0,19,8,2,19,8,0,8,13
Apartment for Rent,"964 S Ardmore Ave, Los Angeles, CA 90006",1900.0,34.0537555,-118.3019745,3817.567529107384,58,0,6,20,0,14,2,0,7,9
Ardmore,"860 S Ardmore Ave, Los Angeles, CA 90005",2272.0,34.0566165,-118.3018783,4106.801391338752,60,0,10,11,1,14,4,0,8,12
Atelier,"801 S Olive St, Los Angeles, CA 90014",7214.0,34.0450878,-118.2571353,3606.2095283667823,285,1,46,9,0,46,23,1,95,64
Atlas House,"2500 Wilshire Blvd, Los Angeles, CA 90057",3233.0,34.060097,-118.280718,4211.115758076972,77,0,29,4,1,11,10,1,13,8
Avalon,"1248 W Adams Blvd, Los Angeles, CA 90007",4550.0,34.0326838,-118.2877518,1169.3274249493188,60,0,4,6,0,16,3,0,25,6
Avana on Wilshire,"635 S Hobart Blvd, Los Angeles, CA 90005",3034.0,34.0627757,-118.3054486,4865.334328106611,70,0,20,4,0,12,7,0,11,16
Avant,"1360-1500 S Figueroa St, Los Angeles, CA 90015",2457.0,34.038317,-118.269518,2279.110696102184,132,1,19,3,0,41,6,1,21,40
Aven,"1120 S Grand Ave, Los Angeles, CA 90015",13575.0,34.0408575,-118.262356,2933.4167463856697,234,1,28,3,0,58,16,1,70,57
Axis,"1200 S Broadway, Los Angeles, CA 90015",4684.0,34.0376187,-118.2600591,2861.5696121800515,161,1,18,6,0,48,9,1,27,51
B & B Apartments,"750 S Carondelet St, Los Angeles, CA 90057",2450.0,34.0575129,-118.2814755,3918.6334595185135,91,0,31,5,1,15,13,1,12,13
Be DTLA,"1120 W 6th St, Los Angeles, CA 90017",3446.0,34.0533255,-118.26299,3996.95354613944,110,1,27,9,1,16,14,1,24,17
Beaudry,"960 W 7th St, Los Angeles, CA 90017",6302.0,34.0495656,-118.2606996,3765.601603589543,199,0,33,9,1,32,18,1,64,41
Berendo Terrace,"689 S Berendo St, Los Angeles, CA 90005",2796.0,34.0602532,-118.2942376,4292.463765005402,75,0,20,11,2,10,12,0,8,12
Berendo Villas,"1025 S Berendo St, Los Angeles, CA 90006",2445.0,34.0521622,-118.293803,3405.181388345195,56,0,8,20,0,8,9,0,5,6
Berkshire K2LA,"685 S New Hampshire Ave, Los Angeles, CA 90005",3236.0,34.060144,-118.292989,4259.4234932731615,81,0,22,11,2,11,11,1,11,12
Bixel at Fifth,"1311 W 5th St, Los Angeles, CA 90017",2400.0,34.055101,-118.2616718,4228.710321812388,81,0,24,7,0,16,9,2,10,13
Blackstone Apartments (1 month free rent!)*,"901 S Broadway, Los Angeles, CA 90015",3100.0,34.042281,-118.25623,3458.983153556808,282,1,40,9,0,50,21,0,92,69
Bonnie Brae Apartments,"930 S Bonnie Brae St, Los Angeles, CA 90006",1670.0,34.0517828,-118.2768182,3355.155883334552,84,1,23,5,1,15,12,0,16,11
Broadway Lofts,"430 S Broadway, Los Angeles, CA 90013",2670.0,34.0485204,-118.2497535,4363.969160510652,217,1,59,10,0,24,25,1,55,42
Broadway Palace,"1026 S Broadway, Los Angeles, CA 90015",4198.0,34.040496,-118.2576144,3234.816134705566,199,1,24,3,0,53,11,1,45,61
Casa Loma LA Apartments,"208-210 W 14th St, Los Angeles, CA 90015",1275.0,34.0355346,-118.2624692,2546.0532949563226,154,2,19,8,0,46,11,1,20,47
Catalina Apartments,"500 S Catalina St, Los Angeles, CA 90020",2575.0,34.065285,-118.2953,4860.320468866677,81,0,18,13,2,11,13,0,12,12
Circa LA,"1200 S Figueroa St, Los Angeles, CA 90015",14659.0,34.0416589,-118.2666982,2731.5698616991986,187,2,26,3,0,43,11,1,56,45
City Lights on Fig,"1300 S Figueroa St, Los Angeles, CA 90015",3097.0,34.040505,-118.267999,2556.612952232804,142,2,20,5,0,42,8,1,21,43
City Lofts,"626 S Spring St, Los Angeles, CA 90014",1975.0,34.0453628,-118.2513238,4025.750676002024,270,1,74,13,0,37,27,2,70,46
City Park Apartments,"1246 W 30th St, Los Angeles, CA 90007",1890.0,34.0271584,-118.2903297,715.7100419498962,81,0,6,5,0,20,1,0,41,8
City View Apartments,"1207 Miramar St, Los Angeles, CA 90026",2345.0,34.0576005,-118.2574827,4668.595534781249,46,0,14,2,0,13,2,2,4,9
Commodore Regency Apartments,"685 S Lucas Ave, Los Angeles, CA 90017",1450.0,34.051932,-118.265588,3743.784412485146,168,1,30,12,1,21,17,1,60,25
Condo for Rent,"1100 Wilshire Blvd, Los Angeles, CA 90017",3250.0,34.0522355,-118.2636642,3861.028112236764,171,1,28,9,1,22,17,1,63,29
Condo for Rent,"1130 S Flower St, Los Angeles, CA 90015",4500.0,34.0419346,-118.2645735,2880.2870232859377,222,1,29,3,0,52,14,1,67,55
Condo for Rent,"1149 W 25th St, Los Angeles, CA 90007",6600.0,34.0336655,-118.28521,1252.7074612726844,60,0,7,6,0,16,4,0,22,5
Condo for Rent,"1218 Magnolia Ave, Los Angeles, CA 90006",3995.0,34.0487012,-118.2864191,2927.0848342721006,62,0,17,8,0,10,9,0,6,12
Condo for Rent,"1234 Wilshire Blvd, Los Angeles, CA 90017",2950.0,34.05357,-118.26636,3872.275076451697,148,1,31,11,1,19,17,1,51,16
Condo for Rent,"1476 W 35th St, Los Angeles, CA 90018",1093.0,34.0245328,-118.3025473,1625.3261357502747,38,0,5,8,0,10,3,0,6,6
Condo for Rent,"1532 4th Ave, Los Angeles, CA 90019",2300.0,34.0447841,-118.3211837,4153.442045904515,43,2,5,7,0,10,6,0,6,7
Condo for Rent,"2121 James M Wood Blvd, Los Angeles, CA 90006",1937.5,34.0537955,-118.2794935,3529.0367653533885,90,0,27,6,1,18,12,0,15,11
Condo for Rent,"249 N Bonnie Brae St, Los Angeles, CA 90026",3515.0,34.0675626,-118.2668126,5296.977880073909,48,1,7,7,0,11,2,1,9,10
Condo for Rent,"257 S Spring St, Los Angeles, CA 90012",12000.0,34.0509469,-118.2464361,4771.656346514515,165,1,53,7,0,18,19,1,38,28
Condo for Rent,"2939 Leeward Ave, Los Angeles, CA 90005",3630.0,34.0587997,-118.2877652,4054.905015119365,71,0,23,8,3,11,10,1,7,8
Condo for Rent,"3511 W 6th St, Los Angeles, CA 90020",5795.0,34.0636618,-118.2982779,4746.0441374366455,74,0,18,11,1,12,8,0,10,14
Condo for Rent,"400 S Broadway, Los Angeles, CA 90013",3673.75,34.0491544,-118.2489804,4464.05153292986,192,1,58,8,0,23,23,1,43,35
Condo for Rent,"420 San Pedro St, Los Angeles, CA 90013",2600.0,34.0451303,-118.2431733,4616.773461921191,208,1,68,13,1,22,22,2,39,40
Condo for Rent,"435 S La Fayette Park Pl, Los Angeles, CA 90057",3500.0,34.0652757,-118.2818737,4776.818622075018,55,1,15,5,0,6,5,1,9,13
Condo for Rent,"460 S Spring St, Los Angeles, CA 90013",6800.0,34.0474227,-118.2489472,4340.477179892094,217,1,67,9,0,28,26,2,48,36
Condo for Rent,"625 S Berendo St, Los Angeles, CA 90005",3000.0,34.062689,-118.2942312,4558.249675344639,75,0,21,12,2,8,11,0,10,11
Condo for Rent,"630 W 6th St, Los Angeles, CA 90017",2195.0,34.0489199,-118.2557028,4004.207231967032,254,0,48,8,0,39,22,2,90,45
Condo for Rent,"746 S Los Angeles St, Los Angeles, CA 90014",2200.0,34.0422685,-118.2515526,3799.67669377531,239,2,69,11,0,34,26,2,57,38
Condo for Rent,"800 W 1st St, Los Angeles, CA 90012",2410.0,34.0569161,-118.2508125,4971.075627553502,49,0,10,2,0,10,3,0,10,14
Condo for Rent,"801 S Grand Ave, Los Angeles, CA 90017",4450.0,34.0457316,-118.2583612,3577.9307310680115,268,1,43,8,0,44,22,1,94,55
Condo for Rent,"849 S Broadway, Los Angeles, CA 90014",2995.0,34.0431143,-118.2554495,3573.5984591990746,302,1,52,10,0,50,23,1,96,69
Condo for Rent,"877 Francisco St, Los Angeles, CA 90017",3275.0,34.048683,-118.262866,3569.132985688852,207,1,35,10,1,33,15,1,70,41
Condo for Rent,"889 Francisco St, Los Angeles, CA 90017",4600.0,34.0483407,-118.2640555,3475.71406865071,215,1,37,9,1,34,17,1,72,43
Condo for Rent,"900 W Olympic Blvd, Los Angeles, CA 90015",7950.0,34.0452979,-118.266482,3070.1960121662246,183,0,30,3,1,37,12,0,60,40
Condo for Rent,"901 S Flower St, Los Angeles, CA 90015",2800.0,34.0454002,-118.2622305,3313.8913937558395,251,1,36,6,1,46,20,0,81,60
Condo for Rent,"926 S Manhattan Pl, Los Angeles, CA 90019",3800.0,34.0549289,-118.3100326,4284.9621424251545,63,1,12,11,0,15,4,0,9,11
Crosby,"3350 Wilshire Blvd, Los Angeles, CA 90010",4197.0,34.0615125,-118.295746,4458.35886640723,66,0,19,10,2,11,7,0,9,8
Crystal House Apartments,"1630 W 3rd St, Los Angeles, CA 90017",1700.0,34.0600465,-118.2661568,4535.4101851764935,84,0,23,12,0,14,10,3,13,9
DON - St. Germaine,"900 S Serrano Ave, Los Angeles, CA 90006",1895.0,34.055738,-118.306471,4197.57284709504,67,0,13,10,0,15,5,0,11,13
Decollage Apartments,"3057-3067 W Pico Blvd, Los Angeles, CA 90006",3272.0,34.047269,-118.308015,3479.303516919449,62,0,17,9,0,10,9,0,7,10
E on Grand,"1249 S Grand Ave, Los Angeles, CA 90015",2760.0,34.0391374,-118.2644066,2664.6028757544605,171,2,21,6,0,51,9,1,29,52
E on Hoover,"1157 S Hoover St, Los Angeles, CA 90006",2155.0,34.050013,-118.284269,3071.380180700385,75,0,17,11,1,13,10,0,9,14
Eighth & Grand,"770 S Grand Ave, Los Angeles, CA 90014",3943.0,34.0461959,-118.2574803,3671.334466714302,264,1,44,10,0,40,23,1,88,57
Emerald,"215 W 14th St, Los Angeles, CA 90015",3552.0,34.0362741,-118.2635777,2512.7003749004843,165,2,21,7,0,50,11,1,25,48
Fedora Woods,"861 Fedora, LOS ANGELES, CA 90005",1600.0,34.0566391,-118.2977149,3980.69863348,55,0,12,9,1,8,9,0,7,9
Fedora x Trilby,"826-840 S Mariposa Ave, Los Angeles, CA 90005",3042.0,34.056021,-118.29863,3940.874021075914,70,0,18,11,2,11,8,0,7,13
G12,"1200 S Grand Ave, Los Angeles, CA 90015",5375.0,34.0394751,-118.263711,2736.759620601686,225,1,26,6,0,54,12,1,69,56
Gamer Apartment | Live Work Loft in Los An...,"443 S San Pedro St, Los Angeles, CA 90013",2497.0,34.00817,-118.2696328,2129.782655454241,219,1,71,12,1,26,24,2,43,39
Garment Lofts,"217 E 8th St, Los Angeles, CA 90014",2035.0,34.0416477,-118.2515713,3758.552238930706,233,2,67,11,0,34,25,2,53,39
Gas Company Lofts,"810 S Flower St, Los Angeles, CA 90017",2614.0,34.0467213,-118.2601097,3551.990552183672,238,0,35,7,0,39,21,0,86,50
Gillman Studio Apartments,"417 S Rampart Blvd, Los Angeles, CA 90057",1350.0,34.0646889,-118.2799909,4725.814827823894,54,1,14,5,0,8,6,1,10,9
Gramercy Place,"1500 S Gramercy Pl, Los Angeles, CA 90019",2495.0,34.045245,-118.31293,3609.628665953225,51,3,4,8,0,9,5,0,12,10
Grand Central Market Apartments,"307-317 S Broadway, Los Angeles, CA 90013",2612.0,34.051217,-118.2477871,4699.863295408982,212,1,56,10,0,25,25,1,54,40
HWH Luxury Living,"354 S Spring St, Los Angeles, CA 90013",5512.0,34.0488246,-118.2479609,4510.555481792282,194,1,61,8,0,21,23,2,46,32
Haddon Hall,"3176-3188 W 8th St, Los Angeles, CA 90005",1325.0,34.057646,-118.297194,4074.5226848407606,63,0,13,6,0,15,4,0,10,15
Hallasan,"696 S New Hampshire Ave, Los Angeles, CA 90005",6152.0,34.0600185,-118.2927895,4242.565521488303,77,0,24,10,2,10,10,1,10,10
Hartford Apartments,"744 Hartford Ave, Los Angeles, CA 90017",2872.0,34.0510223,-118.2679084,3555.097920108277,149,1,28,10,1,25,17,1,48,18
Hellman Building,"411 S Main St, Los Angeles, CA 90013",2100.0,34.0479479,-118.2476138,4472.336990611738,213,1,67,9,0,27,26,2,48,33
House for Rent,"1045 W 52nd St, Los Angeles, CA 90037",4000.0,33.9951513,-118.2925532,3106.826027293196,64,1,12,3,1,14,10,0,19,4
House for Rent,"1113 4th Ave, Los Angeles, CA 90019",4000.0,34.0508956,-118.3197378,4497.4166171039815,45,4,5,10,0,8,7,0,8,3
House for Rent,"1179 W 28th St, Los Angeles, CA 90007",9450.0,34.0296065,-118.2863198,809.172616125913,72,0,7,5,0,17,1,0,37,5
House for Rent,"1180 W 37th Plz, Los Angeles, CA 90007",9600.0,34.019884,-118.293487,822.0330120576764,49,0,5,6,0,13,2,0,15,8
House for Rent,"1213 W 24th St, Los Angeles, CA 90007",6439.0,34.0344696,-118.2869113,1352.4185251464778,53,0,7,6,0,16,4,0,15,5
House for Rent,"1222 W 35th St, Los Angeles, CA 90007",9595.0,34.0240625,-118.2953434,961.9569056469908,56,0,5,6,0,13,2,0,19,11
House for Rent,"1228 Fedora St, Los Angeles, CA 90006",5795.0,34.0484957,-118.2977799,3128.1127688151723,51,0,5,22,0,7,6,0,6,5
House for Rent,"1231 W 36th Pl, Los Angeles, CA 90007",4600.0,34.0220503,-118.29544,953.734095845846,51,0,5,6,0,13,2,0,16,9
House for Rent,"1237 W 25th St, Los Angeles, CA 90007",7200.0,34.0336619,-118.2874404,1270.7035468679017,57,0,6,6,0,18,4,0,17,6
House for Rent,"1237 W 37th Plz, Los Angeles, CA 90007",9597.0,34.020038,-118.295421,986.795292715898,48,0,5,5,0,16,2,0,12,8
House for Rent,"1301 W 22nd St, Los Angeles, CA 90007",3036.0,34.036083,-118.286659,1528.2480245303286,50,0,8,5,0,14,4,0,14,5
House for Rent,"1316 W 35th St, Los Angeles, CA 90007",6300.0,34.0245044,-118.297856,1198.6465505858198,41,0,5,7,0,9,1,0,9,10
House for Rent,"1320 12th Ave, Los Angeles, CA 90019",5200.0,34.0472501,-118.3246108,4570.637523443932,31,2,4,4,0,8,6,0,2,5
House for Rent,"1325 W Adams Blvd, Los Angeles, CA 90007",4500.0,34.0328465,-118.2896914,1236.2603040637632,57,0,6,6,0,17,4,0,18,6
House for Rent,"1329 W 37th Pl, Los Angeles, CA 90007",9713.0,34.0200514,-118.2984807,1260.5373391955588,43,0,5,9,0,11,2,1,7,8
House for Rent,"1334 W 22nd St, Los Angeles, CA 90007",7540.0,34.0359186,-118.2875265,1519.740329042534,51,0,7,5,0,15,4,0,15,5
House for Rent,"1375 W 37th Dr, Los Angeles, CA 90007",4796.0,34.0191328,-118.2995424,1379.732431448751,40,0,5,9,0,11,3,1,4,7
House for Rent,"1385 W 22nd St, Los Angeles, CA 90007",3700.0,34.0360814,-118.2886498,1556.075588922276,49,0,7,3,0,16,4,0,14,5
House for Rent,"1430 E 20th St, Los Angeles, CA 90011",2500.0,34.0212125,-118.2481964,3403.6386527355025,42,0,7,1,0,8,5,0,10,11
House for Rent,"1451 W 36th Plz, Los Angeles, CA 90018",1339.0,34.021952,-118.301473,1509.7691830658512,42,0,6,7,0,13,5,1,4,6
House for Rent,"1511 4th Ave, Los Angeles, CA 90019",2800.0,34.0451502,-118.3213833,4192.611198866223,41,2,6,7,0,9,6,0,6,5
House for Rent,"1513 4th Ave, Los Angeles, CA 90019",2900.0,34.0451168,-118.3213831,4190.357194088035,41,2,6,7,0,9,6,0,6,5
House for Rent,"1540 W 58th St, Los Angeles, CA 90062",2700.0,33.9896247,-118.3032853,4011.475959380167,55,1,15,9,0,11,9,0,6,4
House for Rent,"1651 W 37th Pl, Los Angeles, CA 90018",1073.0,34.020068,-118.3075572,2085.874886393434,40,0,11,8,0,9,5,1,4,2
House for Rent,"1826 Westmoreland Blvd, Los Angeles, CA 90006",3495.0,34.0408881,-118.3064394,2844.838902977414,32,0,4,4,0,6,2,0,9,7
House for Rent,"1847 W 43rd Pl, Los Angeles, CA 90062",5000.0,34.0046872,-118.3125063,3203.139220664876,34,0,8,0,0,10,3,1,4,8
House for Rent,"1859 W Slauson Ave, Los Angeles, CA 90047",950.0,33.9892088,-118.3108322,4387.184151207623,54,0,21,5,0,9,9,1,5,4
House for Rent,"1907 W 48th St, Los Angeles, CA 90062",3587.0,34.0001418,-118.3151179,3712.269621260843,34,0,7,2,0,8,5,0,4,8
House for Rent,"1981 Estrella Ave, Los Angeles, CA 90007",9995.0,34.0339943,-118.2754635,1565.480276997583,48,1,9,3,0,11,6,0,13,5
House for Rent,"2022 W 31st St, Los Angeles, CA 90018",2750.0,34.0263991,-118.309679,2308.3939990469303,29,0,4,3,0,10,4,0,4,4
House for Rent,"2032 W 31st St, Los Angeles, CA 90018",2700.0,34.0263987,-118.3099671,2334.444648214365,29,0,4,3,0,10,4,0,4,4
House for Rent,"2040 Browning Blvd, Los Angeles, CA 90062",2650.0,34.011773,-118.315968,3080.631676927336,17,0,5,1,0,4,0,1,0,6
House for Rent,"2056 W 29th Pl, Los Angeles, CA 90018",4950.0,34.0281624,-118.3106787,2442.79687280458,35,0,4,5,0,10,4,0,5,7
House for Rent,"2059 W 29th St, Los Angeles, CA 90018",2700.0,34.0291763,-118.3107459,2480.6475903298897,34,0,4,5,0,10,3,0,5,7
House for Rent,"2142 Portland St, Los Angeles, CA 90007",3100.0,34.0338874,-118.2808512,1336.0038818172209,41,0,6,4,0,10,3,0,14,4
House for Rent,"2349 W 29th Pl, Los Angeles, CA 90018",3600.0,34.0282995,-118.3193553,3224.3114298226283,26,0,2,0,0,13,1,0,1,9
House for Rent,"2418 W Vernon Ave, Los Angeles, CA 90043",2650.0,34.0036014,-118.3195593,3802.266950706883,14,0,2,1,0,5,1,0,0,5
House for Rent,"243 E 38th St, Los Angeles, CA 90011",6165.0,34.012673,-118.2706657,1714.5463032549287,62,0,6,1,0,14,4,0,34,3
House for Rent,"2534 7th Ave, Los Angeles, CA 90018",6250.0,34.0337098,-118.3247049,3860.350253559856,30,0,4,2,0,9,0,0,2,13
House for Rent,"2712 Menlo Ave, Los Angeles, CA 90007",9000.0,34.0299756,-118.2900426,957.6310536988536,75,0,7,6,0,21,2,0,30,9
House for Rent,"2768 Wright Ln, Los Angeles, CA 90068",5850.0,34.038798,-118.273117,2131.6816804597865,1,0,1,0,0,0,0,0,0,0
House for Rent,"2827 S Hoover St, Los Angeles, CA 90007",1370.0,34.003498,-118.2871405,2110.2043828762444,71,0,7,5,0,13,2,0,39,5
House for Rent,"331 S Westlake Ave, Los Angeles, CA 90057",9900.0,34.0619032,-118.2718914,4558.036673052759,79,0,26,10,0,10,13,0,12,8
House for Rent,"3511 S Bronson Ave, Los Angeles, CA 90018",3250.0,34.0245973,-118.333895,4503.543788320185,34,1,3,6,0,3,2,0,11,8
House for Rent,"3536 6th Ave, Los Angeles, CA 90018",3250.0,34.023801,-118.3234836,3540.8494693599905,17,1,2,0,0,7,1,0,1,5
House for Rent,"3679 Halldale Ave, Los Angeles, CA 90018",1256.0,34.0212273,-118.303014,1656.1154030072544,44,0,9,9,0,12,5,1,5,3
House for Rent,"3711 W Pico Blvd, Los Angeles, CA 90019",3100.0,34.0474311,-118.3215182,4359.871565823237,49,4,6,8,0,10,7,0,10,4
House for Rent,"3717 Raymond Ave, Los Angeles, CA 90007",3000.0,34.020414,-118.2978109,1192.089143538451,45,0,6,9,0,12,2,1,7,8
House for Rent,"3823 S Van Ness Ave, Los Angeles, CA 90062",3600.0,34.0166981,-118.317189,3024.634379960851,14,0,2,1,0,4,0,0,2,5
House for Rent,"3878 S Harvard Blvd, Los Angeles, CA 90062",4495.0,34.0152018,-118.3066258,2139.287480593395,34,1,12,2,0,8,3,2,4,2
House for Rent,"3978 Dublin Ave, Los Angeles, CA 90008",3795.0,34.0133115,-118.3221099,3557.589159398357,11,0,1,2,0,3,1,0,0,4
House for Rent,"4212 S Raymond Ave, Los Angeles, CA 90037",2800.0,34.0070097,-118.2979232,2079.786723553131,33,0,11,3,0,5,2,0,4,8
House for Rent,"4223 Denker Ave, Los Angeles, CA 90062",2750.0,34.0067604,-118.304644,2503.824272154507,37,1,10,0,0,7,3,1,6,9
House for Rent,"4306 5th Ave, Los Angeles, CA 90008",3700.0,34.005287,-118.3221209,3906.9301971288655,12,0,3,1,0,3,1,0,0,4
House for Rent,"4344 4th Ave, Los Angeles, CA 90008",4500.0,34.0042414,-118.3212868,3898.909320960575,13,0,3,1,0,5,1,0,0,3
House for Rent,"456 E 47th St, Los Angeles, CA 90011",3500.0,34.0005835,-118.2682931,2878.3188368883384,40,0,11,2,0,14,2,1,1,9
House for Rent,"4623 Wesley Ave, Los Angeles, CA 90037",1899.0,34.0014313,-118.2878763,2345.6134721746307,32,0,11,2,0,6,4,0,5,4
House for Rent,"4638 2nd Ave, Los Angeles, CA 90043",3450.0,34.001361,-118.3191188,3912.131589462542,23,0,6,1,0,8,2,0,1,5
House for Rent,"5012 3rd Ave, Los Angeles, CA 90043",3900.0,33.9973841,-118.3202262,4268.533849149486,22,0,6,2,0,7,2,0,1,4
House for Rent,"5140 6th Ave, Los Angeles, CA 90043",3395.0,33.9958723,-118.3235008,4607.568063516624,19,0,6,2,0,8,2,0,1,0
House for Rent,"5317 Ascot Ave, Los Angeles, CA 90011",2995.0,33.9944559,-118.2500286,4483.914008895686,28,0,9,1,0,10,3,0,4,1
House for Rent,"533 E 36th St, Los Angeles, CA 90011",2100.0,34.014167,-118.267009,1902.145170676173,30,0,8,0,0,12,4,0,1,5
House for Rent,"854 S Gramercy Pl, Los Angeles, CA 90005",3500.0,34.0568472,-118.3131116,4618.805747027134,52,3,9,8,0,12,2,0,7,11
House for Rent,"860 S Wilton Pl, Los Angeles, CA 90005",4475.0,34.0567321,-118.3141513,4662.531228978536,51,3,9,8,0,12,3,0,7,9
House for Rent,"942 4th Ave, Los Angeles, CA 90019",5500.0,34.0545874,-118.3177683,4676.623877667562,41,3,5,8,0,9,3,0,6,7
Housing Near USC (University Southern Calif),"1211 W 37th Dr, Los Angeles, CA 90007",2890.0,34.0191117,-118.2948686,971.713580948931,46,0,5,6,0,13,2,0,12,8
Huntington Apartments,"752 S Main St, Los Angeles, CA 90014",887.0,34.0427113,-118.2527419,3740.574437763773,246,2,68,11,0,38,24,2,56,45
Icon Plaza,"3584 S Figueroa St, Los Angeles, CA 90007",2525.0,34.0185566,-118.2820071,513.7075311871711,53,0,1,3,0,14,2,0,27,6
Jade Everett,"2652-2656 Ellendale Pl, Los Angeles, CA 90007",1574.0,34.031942,-118.288745,1112.924295624983,68,0,7,6,0,19,2,0,29,5
Jasper,"2528 S Grand Ave, Los Angeles, CA 90007",3150.0,34.0270573,-118.2717871,1331.7074273926692,53,0,9,3,0,14,4,0,16,7
Jefferson Flats (Student Housing - Fall 2023),"1320 W Jefferson Blvd, Los Angeles, CA 90007",1460.0,34.0189084,-118.2732192,1161.7570597930624,49,0,4,4,0,13,1,0,15,12
Josephine DTLA,"801 S Hope St, Los Angeles, CA 90017",4180.0,34.0465312,-118.2594409,3576.366130467018,242,1,33,8,0,41,21,0,89,49
Kenmore Towers,"615 S Kenmore Ave, Los Angeles, CA 90005",2600.0,34.0631693,-118.2967343,4658.355270615351,73,0,19,10,2,11,9,0,11,11
Kingsley Diplomat Apartments,"730 S Kingsley Dr, Los Angeles, CA 90005",3237.0,34.0590419,-118.3029769,4394.759145363842,67,0,16,6,1,10,7,0,11,16
Kodo,"2867 Sunset Pl, Los Angeles, CA 90005",2501.0,34.0608783,-118.2854647,4278.723701016269,69,0,22,7,3,12,7,1,10,7
Kurve,"2801 Sunset Pl, Los Angeles, CA 90005",14567.0,34.060884,-118.284357,4279.773136088023,66,0,20,7,2,12,7,1,10,7
LEE - Leeward Apartments,"2810 Leeward Ave, Los Angeles, CA 90005",1395.0,34.0586547,-118.2845598,4031.64597474177,75,0,25,5,2,13,9,1,11,9
LEVEL - South Olive,"888 S Olive St, Los Angeles, CA 90014",9250.0,34.0439006,-118.2579187,3462.5658789124745,302,1,46,8,0,52,25,1,99,70
Lakeview Apartments,"500 S Lake St, Los Angeles, CA 90057",2050.0,34.0610046,-118.2752996,4386.586014423262,77,0,29,8,1,8,12,0,12,7
Leimert Park,"4225 Leimert Blvd, Los Angeles, CA 90008",1762.0,34.0074158,-118.3269098,4198.32850935369,16,0,5,2,0,1,3,0,3,2
Lexington at Fedora,"844-854 Fedora St, Los Angeles, CA 90005",3050.0,34.056722,-118.297542,3984.903194936869,65,0,17,8,2,10,11,0,8,9
Luna,"3640 Wilshire Blvd, Los Angeles, CA 90010",2895.0,34.0616371,-118.3044718,4713.952486811519,68,0,17,4,0,12,6,0,11,18
Magnolia Apartments,"1423 Magnolia Ave, Los Angeles, CA 90006",2075.0,34.0459653,-118.2864783,2623.4179960541032,58,0,13,8,0,11,9,0,6,11
Mardi Gras Apartments,"720 W 27th St, Los Angeles, CA 90007",2800.0,34.0280974,-118.2795452,814.4984916386932,64,0,7,4,0,13,1,0,35,4
Mariposa @ 5th,"520 S Mariposa Ave, Los Angeles, CA 90020",1470.0,34.064946,-118.299102,4903.650169185835,69,0,18,11,1,9,7,0,8,15
Mariposa @ 8th,"750 S Mariposa Ave, Los Angeles, CA 90005",2095.0,34.0585548,-118.2986134,4208.635755050865,70,0,18,11,2,11,8,0,8,12
Mariposa Apartments,"727 S Mariposa Ave, Los Angeles, CA 90005",1495.0,34.059369,-118.298814,4300.594025543956,69,0,18,11,1,11,8,0,7,13
Maxfield Lofts,"819 Santee St, Los Angeles, CA 90014",2435.0,34.0411657,-118.2522843,3674.035700638409,228,2,61,9,0,37,24,2,49,44
Menlo 2,"980 Menlo Ave, Los Angeles, CA 90006",1872.0,34.052954,-118.2902551,3430.495641215073,63,0,10,13,1,15,9,0,4,11
Mercantile Lofts,"620 S Main St, Los Angeles, CA 90014",3210.0,34.0444743,-118.2502786,4039.903490083745,258,1,77,11,0,37,26,2,60,44
Met Lofts,"1050 S Flower St, Los Angeles, CA 90015",4174.0,34.0431334,-118.2636946,3034.1082670974265,247,1,29,4,0,54,15,1,80,63
Morgan Lofts Unit 306,"3324-3330 Wilshire Blvd, Los Angeles, CA 90010",2450.0,34.061848,-118.295029,4480.804147274596,70,0,20,10,2,12,7,0,9,10
Museum Tower,"225 S Olive St, Los Angeles, CA 90012",4986.0,34.0532819,-118.2498532,4726.494651112169,109,0,32,5,0,16,11,1,22,22
National City Tower,"810 S Spring St, Los Angeles, CA 90014",4175.0,34.0428604,-118.2534902,3696.022276014569,258,2,62,9,0,42,26,2,61,54
Next on Sixth,"620 S Virgil Ave, Los Angeles, CA 90005",2876.0,34.0633307,-118.2858013,4551.744855045419,71,1,21,7,1,11,7,1,12,10
OSM USC Housing,"1239 W 30th St, Los Angeles, CA 90007",3875.0,34.0277062,-118.289986,742.2131581165814,77,0,6,6,0,18,1,0,39,7
Olive DTLA,"1213-1237 S Olive St, Los Angeles, CA 90015",3460.0,34.039065,-118.262594,2781.214183241226,238,1,32,4,0,59,14,1,70,57
Olympic by Windsor,"936 S Olive St, Los Angeles, CA 90015",3120.0,34.0425232,-118.2591086,3277.7011498681736,289,1,36,7,0,56,23,0,95,71
Onyx DTLA,"424 W Pico Blvd, Los Angeles, CA 90015",2994.0,34.0392488,-118.2654307,2606.789194693208,160,2,21,6,0,46,9,1,26,49
PRE - The President,"669 S Union Ave, Los Angeles, CA 90017",1685.0,34.0545933,-118.2707964,3814.648056803469,106,1,32,12,1,16,18,0,15,11
Pacific Electric Lofts,"610 S Main St, Los Angeles, CA 90014",3129.0,34.044648,-118.2497744,4088.55859400226,252,1,79,11,1,36,26,2,57,39
Packard Lofts,"1000 S Hope St, Los Angeles, CA 90015",3422.0,34.0431473,-118.2617332,3155.7297411521463,256,1,33,6,0,53,18,1,81,63
Park Fifth,"427 W 5th St, Los Angeles, CA 90013",4497.0,34.0490613,-118.2520533,4249.896372637889,201,0,46,10,0,25,23,1,50,46
Park Gramercy Apartments,"849 S Gramercy Dr, Los Angeles, CA 90005",1695.0,34.056966,-118.312263,4586.634217179088,53,0,11,9,0,11,4,0,8,10
Park Wilshire,"2424 Wilshire Blvd, Los Angeles, CA 90057",2182.0,34.0597223,-118.2798877,4177.747032499879,76,0,27,4,1,11,11,1,12,9
Pegasus,"612 S Flower St, Los Angeles, CA 90017",2562.0,34.0495546,-118.2575106,3947.164747688402,227,0,38,10,0,36,20,2,77,44
Phoenix Apartments (Brand New),"1421-1439 W Adams Blvd, Los Angeles, CA 90007",3200.0,34.032833,-118.29241,1341.5031318471374,58,0,6,4,0,12,2,0,29,5
Plaza at Lafayette,"401 S La Fayette Park Pl, Los Angeles, CA 90057",2697.0,34.0658576,-118.281502,4843.622549263119,52,1,14,5,0,6,5,1,9,11
Premiere Towers,"621 S Spring St, Los Angeles, CA 90014",2400.0,34.045547,-118.25167,4014.237054340407,271,1,75,11,0,37,27,2,70,48
Prince Rupert Apartments,"1305 Ingraham St, Los Angeles, CA 90017",1737.0,34.053202,-118.2672508,3799.449316462594,101,1,26,12,1,19,12,1,14,15
Private Furnished Rooms - Co-Living Life,"2651 S Hobart Blvd, Los Angeles, CA 90018",1437.0,34.0317669,-118.3079215,2346.904264799445,24,0,5,0,0,8,1,0,5,5
Private Suite - Co-living Life,"1430 W 37th St, Los Angeles, CA 90018",1269.0,34.0208818,-118.3010844,1482.7840327165247,42,0,5,8,0,13,5,1,3,7
Radius Koreatown,"680 S Berendo St, Los Angeles, CA 90005",2780.0,34.0605475,-118.2940376,4321.007363012228,82,0,22,12,2,10,12,1,11,12
Renaissance Tower,"501 W Olympic Blvd, Los Angeles, CA 90015",2657.0,34.0434194,-118.2609485,3227.345343954386,266,1,36,6,0,54,20,0,84,65
Rise Koreatown,"750 S Oxford Ave, Los Angeles, CA 90005",3215.0,34.0586545,-118.3077254,4538.455326275671,61,0,13,5,0,14,4,0,10,15
SB Main,"111 W 7th St, Los Angeles, CA 90014",2976.0,34.04416,-118.25158,3923.683911469144,268,1,73,12,0,38,26,2,72,44
SB Manhattan,"215 W 6th St, Los Angeles, CA 90014",1850.0,34.046129,-118.2510687,4098.267335691732,264,1,72,11,0,36,27,2,66,49
SB Spring,"650 S Spring St, Los Angeles, CA 90014",2872.0,34.044679,-118.252025,3927.620195944143,276,1,75,14,0,38,26,2,72,48
SB Tower,"600 S Spring St, Los Angeles, CA 90014",3301.0,34.0457301,-118.2509874,4075.632743485493,265,1,75,12,0,37,27,2,65,46
Santee Court,"716-718 S Los Angeles St, Los Angeles, CA 90014",2199.0,34.0426011,-118.2513535,3836.151436553251,240,1,69,11,0,35,26,2,58,38
SevenWest,"1331 W 7th St, Los Angeles, CA 90017",3035.0,34.0525701,-118.2680025,3706.267437350081,98,1,23,12,1,20,12,1,14,14
Sienna,"1011 S Serrano Ave, Los Angeles, CA 90006",2706.0,34.0523153,-118.3064176,3863.105259583755,56,1,4,14,0,13,3,0,12,9
Skye at Bunker Hill,"234 S Figueroa St, Los Angeles, CA 90012",2876.0,34.0559729,-118.2535411,4732.042832353675,50,0,12,1,0,7,4,0,12,14
South Kenmore Apartments,"915 S Kenmore Ave, Los Angeles, CA 90006",1535.0,34.0553842,-118.2966216,3818.232866716367,61,0,11,13,2,9,11,0,7,8
South Park by Windsor,"939 S Hill St, Los Angeles, CA 90015",2687.0,34.0424975,-118.2577452,3368.702158857628,293,1,40,8,0,57,21,0,98,68
South Virgil Apartments,"615 S Virgil Ave, Los Angeles, CA 90005",1463.0,34.0633469,-118.2871377,4556.956905697351,78,0,22,11,2,11,9,1,12,10
Spring Arcade Building,"541 S Spring St, Los Angeles, CA 90013",2175.0,34.0465999,-118.2506512,4161.437813232608,263,1,72,11,0,35,25,2,67,50
Spring Tower Lofts,"639 S Spring St, Los Angeles, CA 90014",3625.0,34.045063,-118.2519176,3962.3178333904207,276,1,74,12,0,39,26,2,71,51
Sunflower Norton Apartments,"1242 S Norton Ave, Los Angeles, CA 90019",2700.0,34.048705,-118.32319,4568.86779368598,41,3,4,6,0,10,7,0,7,4
"TENTEN DOWNTOWN 10 Weeks Free & $1,000 Back*","1027 Wilshire Blvd, Los Angeles, CA 90017",4025.0,34.0522206,-118.2628724,3897.4466001894416,150,0,26,8,1,17,16,1,53,28
"TENTEN WILSHIRE 10 Weeks Free + $1,000 Back*","1010 Wilshire Blvd, Los Angeles, CA 90017",4210.0,34.0515084,-118.2617323,3887.489546773729,171,1,30,10,1,27,14,1,57,30
THEA at Metropolis,"1000 W 8th St, Los Angeles, CA 90017",13733.0,34.049487,-118.265004,3535.644598675557,191,1,32,11,1,30,15,1,64,36
The 900,"900 S Vermont Ave, Los Angeles, CA 90006",2920.0,34.055819,-118.291523,3762.856839591836,62,0,14,11,2,11,10,0,4,10
The Ashby @ 8th,"808 S Hobart Blvd, Los Angeles, CA 90005",1647.0,34.0574302,-118.3052315,4314.307926132226,60,0,12,5,0,12,4,0,10,17
The Audrey,"700 S Manhattan Pl, Los Angeles, CA 90005",3063.0,34.0671438,-118.3103678,5493.031293821966,54,0,13,3,0,13,5,0,8,12
The BORA 3170,"3170 W Olympic Blvd, Los Angeles, CA 90006",3511.0,34.0525145,-118.3054761,3839.027496207122,59,0,5,17,0,13,3,0,13,8
The Brockman Lofts,"530 W 7th St, Los Angeles, CA 90014",3902.0,34.0468926,-118.2565064,3789.3885918329647,262,0,47,9,0,41,23,1,91,50
The Chapman Flats,"756 S Broadway, Los Angeles, CA 90014",2250.0,34.0443541,-118.2540411,3761.7295879836392,254,2,56,9,0,42,23,1,65,56
The Charleston Apartments,"729 S Union Ave, Los Angeles, CA 90017",995.0,34.053245,-118.271679,3645.944199243916,112,1,37,11,1,17,18,0,15,12
The Emerson,"225 S Grand Ave, Los Angeles, CA 90012",3722.0,34.0541727,-118.2513144,4708.85357461232,82,0,21,1,0,13,7,1,18,21
The Enchanted,"826 S Hobart Blvd, Los Angeles, CA 90005",1395.0,34.0571425,-118.3052304,4285.404558347813,62,0,12,5,0,13,4,0,10,18
The Flat,"750 S Garland Ave, Los Angeles, CA 90017",2542.0,34.050623,-118.266868,3559.6358028816067,158,1,26,11,1,28,16,1,52,22
The Frazier,"1107 S Hobart Blvd, Los Angeles, CA 90006",3335.0,34.0506254,-118.3053248,3650.120986923832,57,0,2,19,0,12,3,0,12,9
The Gemma,"3540 Wilshire Blvd, Los Angeles, CA 90010",3217.0,34.0616526,-118.3017829,4627.455291116516,73,0,18,9,1,10,8,0,11,16
The Great Republic Lofts,"756 S Spring St, Los Angeles, CA 90014",2675.0,34.0430393,-118.253275,3723.894865844697,260,2,68,9,0,38,27,2,64,50
The Hana,"801 S Berendo St, Los Angeles, CA 90005",3151.0,34.057616,-118.294235,4005.282083646498,68,0,20,10,2,11,9,0,6,10
The Harper,"800 S Harvard Blvd, Los Angeles, CA 90005",3270.0,34.057558,-118.304062,4282.054801859448,65,0,15,5,0,13,4,0,11,17
The Irolo,"932 Irolo St, Los Angeles, CA 90006",1535.0,34.0553928,-118.3007831,3942.983455605204,61,0,7,17,0,14,5,0,7,11
The Kenmore,"966 S Kenmore Ave, Los Angeles, CA 90006",2455.0,34.0536864,-118.2967453,3640.615261076901,60,0,9,19,1,8,10,0,6,7
The Langham,"715 S Normandie Ave, Los Angeles, CA 90005",1900.0,34.0593134,-118.3001433,4332.304406651188,64,0,15,9,1,9,9,0,8,13
The Lofts at the Security Building Apartments,"510 S Spring St, Los Angeles, CA 90013",2337.0,34.0470827,-118.2497111,4262.251559843011,243,1,71,9,0,32,26,2,57,45
The Lorenzo- Student Housing near USC,"325 W Adams Blvd, Los Angeles, CA 90007",2162.0,34.0284707,-118.2722588,1362.395912691858,53,0,9,3,0,13,4,0,19,5
The Medici,"725 S Bixel St, Los Angeles, CA 90017",5025.0,34.0505595,-118.2645185,3660.741835401277,181,1,29,11,1,29,15,1,63,31
The Met,"950 S Flower St, Los Angeles, CA 90015",2552.0,34.0451991,-118.2618902,3316.7993875389075,253,1,37,7,1,48,19,0,80,60
The Mint,"1136 W 6th St, Los Angeles, CA 90017",2595.0,34.0541263,-118.2625071,4096.24428380384,91,1,23,6,1,14,13,2,17,14
The Nexen,"2968 W 7th St, Los Angeles, CA 90005",2980.0,34.0597025,-118.288451,4159.324837769022,74,0,25,9,3,11,10,1,8,7
The Oxford @ Olympic,"979-985 S Oxford Ave, Los Angeles, CA 90006",1362.0,34.0508363,-118.3074377,3772.8900131755313,58,1,4,14,0,13,3,0,12,11
The Pearl,"687 S Hobart Blvd, Los Angeles, CA 90005",2979.0,34.06159,-118.305444,4743.782878209887,68,0,17,2,0,13,6,0,11,19
The Piero,"609 St Paul Ave, Los Angeles, CA 90017",2947.0,34.05333,-118.2611024,4088.7682946721934,151,0,29,8,1,16,16,1,53,27
The Ten Apartments,"2336 Crenshaw Blvd, Los Angeles, CA 90016",1600.0,34.03625,-118.3329527,4670.952323994993,19,0,5,2,0,7,0,0,1,4
The Thompson,"3345 Wilshire Blvd, Los Angeles, CA 90010",2487.0,34.0618486,-118.2963729,4507.780747721589,64,0,18,10,2,10,7,0,9,8
The Vermont,"3150 Wilshire Blvd, Los Angeles, CA 90010",4059.0,34.0617159,-118.2906854,4401.915375391459,77,0,22,13,2,12,10,1,9,8
The View,"3460 W 7th St, Los Angeles, CA 90005",3540.0,34.0596302,-118.3023012,4432.832177832329,71,0,18,6,1,11,8,0,10,17
The Visconti,"1221 W 3rd St, Los Angeles, CA 90017",2981.0,34.0574981,-118.2591582,4576.560441891526,51,0,15,4,0,14,2,2,4,10
The Walnut Building,"691 Mill St, Los Angeles, CA 90021",4400.0,34.0349143,-118.2345827,4858.875166702532,28,0,3,1,0,4,1,0,4,15
Title Guarantee Lofts,"411 W 5th St, Los Angeles, CA 90013",2440.0,34.049089,-118.251832,4266.672657572294,211,1,49,10,0,26,25,1,53,46
Townhome for Rent,"1041 Leighton Ave, Los Angeles, CA 90037",3500.0,34.0133,-118.2927865,1235.2168829310715,35,0,7,6,0,8,3,0,7,4
Townhome for Rent,"1110 W 54th St, Los Angeles, CA 90037",3175.0,33.9931343,-118.2938984,3353.733512639003,66,1,15,3,0,13,11,0,19,4
Townhome for Rent,"1141 Irolo St, Los Angeles, CA 90006",3900.0,34.0501044,-118.301119,3415.96708461086,57,0,3,21,0,12,3,0,12,6
Townhome for Rent,"1200 W 24th St, Los Angeles, CA 90007",7030.0,34.034305,-118.286641,1331.3709044061377,53,0,7,6,0,17,4,0,15,4
Townhome for Rent,"1208 W 25th St, Los Angeles, CA 90007",5367.0,34.0334978,-118.2868114,1244.0564504305107,66,0,7,6,0,20,4,0,25,4
Townhome for Rent,"1212 Fedora St, Los Angeles, CA 90006",6000.0,34.0487553,-118.2977805,3154.927961252204,52,0,4,23,0,7,6,0,6,6
Townhome for Rent,"1224 W 37th Pl, Los Angeles, CA 90007",1565.0,34.0198795,-118.2953015,981.0731663605044,45,0,5,5,0,13,2,0,12,8
Townhome for Rent,"1265 W 35th St, Los Angeles, CA 90007",1000.0,34.0246265,-118.296419,1072.1271505424752,51,0,5,9,0,11,1,0,14,11
Townhome for Rent,"1316 W 35th St, Los Angeles, CA 90007",5845.0,34.0245044,-118.297856,1198.6465505858198,41,0,5,7,0,9,1,0,9,10
Townhome for Rent,"1339 W 35th Pl, Los Angeles, CA 90007",2800.0,34.0237652,-118.2984153,1236.4880523619188,43,0,5,10,0,9,1,0,8,10
Townhome for Rent,"1356 W 30th St, Los Angeles, CA 90007",1272.0,34.0276834,-118.2932375,952.6488597166344,60,0,6,4,0,18,1,0,22,9
Townhome for Rent,"1360 W 24th St, Los Angeles, CA 90007",1273.0,34.0342143,-118.2906594,1410.054957448741,55,0,6,5,0,17,4,0,17,6
Townhome for Rent,"1374 W 35th Pl, Los Angeles, CA 90007",4872.0,34.023606,-118.2995117,1334.9320675823642,41,0,5,10,0,9,1,0,7,9
Townhome for Rent,"1432 E 20th St, Los Angeles, CA 90011",4500.0,34.0211832,-118.2481445,3408.5465772879697,43,0,7,1,0,8,5,0,10,12
Townhome for Rent,"1603 W 35th St, Los Angeles, CA 90018",1093.0,34.0247132,-118.3061603,1957.869877349847,32,0,4,8,0,6,5,0,6,3
Townhome for Rent,"1609 W 35th Pl, Los Angeles, CA 90018",1033.0,34.0238014,-118.3063488,1964.473095066472,35,0,8,8,0,6,5,0,5,3
Townhome for Rent,"1618 W 35th Pl, Los Angeles, CA 90018",1053.0,34.0236404,-118.3071737,2038.977723898553,36,0,8,8,0,8,5,0,5,2
Townhome for Rent,"1621 E 46th St, Los Angeles, CA 90011",4000.0,34.0019032,-118.2455672,4297.878927569414,20,1,5,0,0,8,4,0,0,2
Townhome for Rent,"1621 S Van Ness Ave, Los Angeles, CA 90019",4408.0,34.0432316,-118.3164823,3705.181505402,38,3,5,6,0,8,4,0,6,6
Townhome for Rent,"1635 E 33rd St, Los Angeles, CA 90011",600.0,34.0109576,-118.2446211,3941.795162040357,13,1,3,0,0,4,2,0,1,2
Townhome for Rent,"1637 E 33rd St, Los Angeles, CA 90011",650.0,34.010947,-118.2445882,3945.045812421961,13,1,3,0,0,4,2,0,1,2
Townhome for Rent,"1813 W Adams Blvd, Los Angeles, CA 90018",1048.0,34.0327973,-118.3036151,2061.0525389006366,20,0,2,0,0,7,0,0,6,5
Townhome for Rent,"1822 Orchard Ave, Los Angeles, CA 90006",4350.0,34.0408752,-118.2886569,2080.3319116631315,40,0,8,6,0,9,8,0,4,5
Townhome for Rent,"1822 Orchard Ave., Los Angeles, CA 90006",4350.0,34.0408752,-118.2886569,2080.3319116631315,40,0,8,6,0,9,8,0,4,5
Townhome for Rent,"234 E 27th St, Los Angeles, CA 90011",600.0,34.0231119,-118.267377,1635.269997611975,46,0,7,3,0,14,4,0,7,11
Townhome for Rent,"2663 5th Ave, Los Angeles, CA 90018",2900.0,34.0308242,-118.322515,3572.988755966732,25,0,2,0,0,9,0,0,2,12
Townhome for Rent,"2688 Orchard Ave, Los Angeles, CA 90007",9450.0,34.0306406,-118.2873228,938.9305336647742,70,0,7,6,0,19,1,0,32,5
Townhome for Rent,"3011 S Budlong Ave, Los Angeles, CA 90007",5372.0,34.0270047,-118.2959981,1127.3313023074309,51,0,4,8,0,14,1,0,13,11
Townhome for Rent,"3505 Raymond Ave, Los Angeles, CA 90007",1925.0,34.0244419,-118.2981537,1224.2587390177878,43,0,5,9,0,10,1,0,8,10
Townhome for Rent,"3915 Brighton Ave, Los Angeles, CA 90062",3200.0,34.0147731,-118.3013564,1721.6340339102092,39,1,12,3,0,11,2,1,5,4
Townhome for Rent,"3968 Arlington Ave, Los Angeles, CA 90008",1680.0,34.0132587,-118.3181299,3209.4307364727297,12,0,0,1,0,5,0,0,0,6
Townhome for Rent,"3996 La Salle Ave, Los Angeles, CA 90062",3500.0,34.011041,-118.3055798,2271.164595343641,42,1,14,0,0,12,1,2,7,5
Townhome for Rent,"4151 Brighton Ave, Los Angeles, CA 90062",2495.0,34.008301,-118.301357,2168.624826556498,39,1,12,1,0,10,2,1,6,6
Townhome for Rent,"4232 S Olive St, Los Angeles, CA 90037",2400.0,34.0067807,-118.279354,1815.738916945603,75,0,9,3,0,7,4,1,43,8
Townhome for Rent,"4306 S Normandie Ave, Los Angeles, CA 90037",3850.0,34.0052948,-118.3000791,2350.267755944534,31,1,9,1,1,7,2,0,2,8
Townhome for Rent,"4416 8th Ave, Los Angeles, CA 90043",2050.0,34.003109,-118.325644,4308.862148488606,13,0,5,1,0,2,1,0,2,2
Townhome for Rent,"4418 8th Ave, Los Angeles, CA 90008",2450.0,34.0030965,-118.3256441,4309.562493906009,13,0,5,1,0,2,1,0,2,2
Townhome for Rent,"5430 S Wilton Pl, Los Angeles, CA 90062",1300.0,33.9928981,-118.3148324,4274.630744750342,59,0,24,4,0,13,9,1,5,3
Townhome for Rent,"608 W 42nd St, Los Angeles, CA 90037",3200.0,34.0069715,-118.2843833,1716.842212163902,43,0,10,2,0,5,5,0,13,8
Trademark,"437 S Hill St, Los Angeles, CA 90013",4274.0,34.049653,-118.2514664,4334.544382037704,201,0,45,10,0,24,23,1,52,46
Tremont Apartments,"514 S Catalina St, Los Angeles, CA 90020",2725.0,34.0650614,-118.2952954,4835.846794191922,82,0,19,13,2,11,13,0,12,12
Tripalink Co-living Apartments,"1147 W 37th St, Los Angeles, CA 90007",1575.0,34.021041,-118.2927135,717.7570235002471,57,0,5,6,0,14,2,0,21,9
Tripalink-1344 W 37th Pl,"1344 W 37th Pl, Los Angeles, CA 90007",1620.0,34.0198872,-118.298837,1296.4931363524322,39,0,3,7,0,11,2,1,7,8
Tuscani Villas,"369 Columbia Ave, Los Angeles, CA 90017",1837.0,34.0579023,-118.2654433,4343.334803569489,93,1,25,12,0,16,10,3,14,12
Tuscany Apartments Student Living,"3770 S Figueroa St, Los Angeles, CA 90007",2445.0,34.0168761,-118.2826486,654.4632954804432,43,0,1,3,0,13,1,0,21,4
University Gateway,"3335 S Figueroa St, Los Angeles, CA 90007",2692.0,34.022364,-118.2798047,488.0337820826196,77,0,6,4,0,18,2,0,40,7
WILCO Apartments,"2525 Wilshire Blvd, Los Angeles, CA 90057",2503.0,34.0603091,-118.2807739,4234.104110854551,75,0,27,3,1,10,11,1,13,9
Watermarke Tower,"705 W 9th St, Los Angeles, CA 90015",6236.0,34.0463266,-118.2617087,3424.077720994748,242,1,36,8,1,40,20,0,81,55
West 27th,"2700 S Figueroa St, Los Angeles, CA 90007",2955.0,34.02722,-118.276486,957.8343710848684,62,0,7,4,0,12,2,0,32,5
Western Towers,"1057 S Western Ave, Los Angeles, CA 90006",1535.0,34.0512286,-118.3091469,3896.869068198686,59,2,5,15,0,12,4,0,11,10
Westland @ Regina,"420 S Westlake Ave, Los Angeles, CA 90057",1535.0,34.0604435,-118.272598,4384.280158018649,74,0,24,9,0,8,13,0,14,6
Westmore on Wilshire,"3075 Wilshire Blvd, Los Angeles, CA 90010",2525.0,34.061892,-118.288559,4402.86034344219,79,0,23,12,2,11,10,1,12,8
Wilshire Valencia,"1515 Wilshire Blvd, Los Angeles, CA 90017",2868.0,34.0548093,-118.2686684,3908.883881559762,111,1,36,12,1,18,15,1,15,12
Wilshire Vermont,"3183 Wilshire Blvd, Los Angeles, CA 90010",2719.0,34.0626745,-118.2909789,4510.960080847612,86,0,23,14,2,12,11,1,12,11
Windsor Court,"900 S Irolo St, Los Angeles, CA 90006",2021.0,34.05301,-118.301027,3706.5874971732223,60,0,10,11,1,15,5,0,8,10
Wren,"1230 S Olive St, Los Angeles, CA 90015",3002.0,34.0384342,-118.2629339,2711.3110914561503,179,1,25,7,0,51,10,1,35,49
mResidences Olympic & Olive,"1001 S Olive St, Los Angeles, CA 90015",2895.0,34.0419696,-118.2603795,3150.299789194706,260,1,31,5,0,55,17,1,83,67
the 314 DTLA,"601 S Broadway, Los Angeles, CA 90014",2645.0,34.046601,-118.252201,4053.6349337095776,252,1,65,11,0,34,24,1,66,50
